order_id,date,time,order_type,branch_code,order_items,order_price,customer_lat,customer_lon,customerHasloyalty?,distance_to_customer_KM,delivery_fee,day_of_week,weekend/weekday,time_of_day
ORDY10437,2018-02-25,09:41:24,Breakfast,TP,"[('Pancake', 2), ('Coffee', 10)]",123.5,-37.8058945,144.9614363,0,9.075,13.3823101,Sunday,1,0
ORDJ10469,2018-04-20,11:32:57,Breakfast,TP,"[('Cereal', 1), ('Pancake', 3), ('Coffee', 3)]",116.25,-37.8048531,144.9249028,0,11.647,13.808551993125427,Friday,0,0
ORDZ03719,2018-09-03,16:06:45,Dinner,NS,"[('Fish&Chips', 9), ('Pasta', 6)]",480.0,-37.811451399999996,144.9724364,0,7.462000000000001,13.185974700000001,Monday,0,2
ORDX00283,2018-03-25,10:42:15,Breakfast,BK,"[('Pancake', 3), ('Cereal', 10), ('Coffee', 3), ('Eggs', 7)]",459.25,-37.82377460000001,144.9374832,0,10.435,18.049207365637862,Sunday,1,0
ORDY09255,2018-05-06,12:03:22,Lunch,TP,"[('Chicken', 9), ('Steak', 4), ('Burger', 4), ('Fries', 8), ('Salad', 9)]",842.8,-37.8153813,144.99096459999998,0,9.995,14.578292900000001,Sunday,1,1
ORDY07085,2018-05-25,12:43:56,Lunch,TP,"[('Burger', 3), ('Chicken', 3), ('Salad', 8), ('Steak', 6)]",596.6,-37.8017477,145.01116090000002,0,12.573,15.3832649,Friday,0,1
ORDI04283,2018-07-24,14:45:38,Lunch,NS,"[('Chicken', 6), ('Fries', 8), ('Steak', 1), ('Salad', 1), ('Burger', 7)]",567.2,-37.8034945,144.9498875,0,8.333,13.896469,Tuesday,0,1
ORDB02646,2018-09-10,16:16:54,Dinner,TP,"[('Pasta', 3), ('Salmon', 5), ('Shrimp', 4), ('Fish&Chips', 1)]",538.5,-37.816894,144.9491465,0,9.081,13.2900587,Monday,0,2
ORDX08640,2018-08-15,15:26:11,Lunch,BK,"[('Chicken', 2), ('Salad', 7), ('Steak', 4), ('Fries', 6), ('Burger', 7)]",653.4,-37.8082812,144.976622,0,6.218999999999999,11.7372111,Wednesday,0,1
ORDC02512,2018-10-02,17:07:36,Dinner,NS,"[('Salmon', 1), ('Fish&Chips', 3), ('Shrimp', 9)]",632.0,-37.8137241,144.9851303,0,8.684,14.8574074,Tuesday,0,2
ORDY05920,2018-05-13,12:23:39,Lunch,TP,"[('Salad', 1), ('Fries', 5), ('Chicken', 5)]",237.2,-37.8100586,144.935956,0,10.545,15.435238,Sunday,1,1
ORDC02461,2018-11-23,18:49:00,Dinner,NS,"[('Salmon', 2), ('Pasta', 8)]",302.0,-37.8040232,144.9586426,0,7.504,13.3467605,Friday,0,2
ORDI10091,2018-08-31,15:56:37,Lunch,NS,"[('Salad', 4), ('Burger', 9), ('Steak', 1), ('Chicken', 6), ('Fries', 2)]",608.8,-37.8077658,144.96155349999998,0,7.487,12.8636471,Friday,0,1
ORDK00325,2018-10-03,17:07:36,Dinner,BK,"[('Pasta', 10), ('Shrimp', 7)]",653.0,-37.8132701,144.9549523,0,8.32,15.0070006,Wednesday,0,2
ORDC00194,2018-11-30,18:59:09,Dinner,NS,"[('Shrimp', 9), ('Salmon', 6), ('Pasta', 4)]",842.0,-37.8020363,145.00412240000003,0,9.373,15.424545670457016,Friday,0,2
ORDJ10908,2018-12-22,19:49:51,Dinner,TP,"[('Pasta', 6), ('Salmon', 7), ('Shrimp', 3)]",614.0,-37.8180076,144.9472038,0,9.282,15.5187726,Saturday,1,2
ORDY01620,2018-02-03,09:00:50,Breakfast,TP,"[('Eggs', 3), ('Pancake', 6), ('Coffee', 1), ('Cereal', 7)]",366.0,-37.821603700000004,144.961309,0,7.47,11.821514457233967,Saturday,1,0
ORDI04629,2018-12-02,19:09:17,Dinner,NS,"[('Fish&Chips', 3), ('Pasta', 9), ('Shrimp', 6)]",676.5,-37.8026875,144.95956669999998,0,7.337000000000001,14.876499800000001,Sunday,1,2
ORDX10070,2018-09-01,16:06:45,Dinner,BK,"[('Shrimp', 2), ('Pasta', 1)]",135.5,-37.8159842,144.95671940000003,0,8.338,17.341357300000002,Saturday,1,2
ORDK08069,2018-05-20,12:33:48,Lunch,BK,"[('Burger', 1), ('Steak', 8), ('Salad', 9), ('Fries', 4), ('Chicken', 4)]",721.8,-37.8173651,145.0162753,0,5.2010000000000005,13.8182673,Sunday,1,1
ORDY09858,2018-12-13,19:29:34,Dinner,TP,"[('Fish&Chips', 1), ('Pasta', 5), ('Salmon', 9), ('Shrimp', 3)]",703.5,-37.8237612,144.9562133,0,7.971,12.7758508,Thursday,0,2
ORDX06839,2018-04-06,11:02:32,Breakfast,BK,"[('Pancake', 7), ('Eggs', 8), ('Cereal', 5), ('Coffee', 4)]",480.75,-37.8143648,144.9664884,0,7.479,12.6099636,Friday,0,0
ORDX01300,2018-10-19,17:38:01,Dinner,BK,"[('Shrimp', 2), ('Fish&Chips', 10), ('Pasta', 6)]",623.0,-37.8005148,145.00361519999998,0,5.475,12.2044535,Friday,0,2
ORDZ08914,2018-12-09,19:19:26,Dinner,NS,"[('Pasta', 4), ('Shrimp', 5), ('Fish&Chips', 5)]",555.0,-37.8222216,144.949747,0,9.812000000000001,17.6174245,Sunday,1,2
ORDJ07698,2018-10-22,17:48:10,Dinner,TP,"[('Salmon', 6), ('Fish&Chips', 6)]",456.0,-37.8084972,144.94553100000002,0,9.841000000000001,14.1876079,Monday,0,2
ORDZ00514,2018-05-12,12:13:31,Lunch,NS,"[('Burger', 6), ('Salad', 8), ('Fries', 8)]",419.6,-37.8026551,144.9651658,0,6.766,14.192937900000002,Saturday,1,1
ORDK06348,2018-01-13,08:20:16,Breakfast,BK,"[('Coffee', 1), ('Cereal', 1)]",28.5,-37.8136776,144.9394374,1,9.767999999999999,17.052108,Saturday,1,0
ORDA08206,2018-05-19,12:33:48,Lunch,BK,"[('Salad', 2), ('Fries', 4), ('Chicken', 3), ('Steak', 7)]",493.4,-37.8094815,145.0100269,0,3.638,11.9710886,Saturday,1,1
ORDJ09187,2018-04-09,11:12:40,Breakfast,TP,"[('Pancake', 1), ('Cereal', 5), ('Coffee', 3), ('Eggs', 7)]",305.75,-37.8024164,144.9435114,0,10.415,12.4066763,Monday,0,0
ORDK10419,2018-08-03,15:05:54,Lunch,BK,"[('Burger', 3), ('Steak', 8), ('Fries', 6), ('Salad', 10), ('Chicken', 3)]",793.0,-37.8196969,144.97441750000002,0,7.4110000000000005,13.1041276,Friday,0,1
ORDJ08141,2018-09-01,16:06:45,Dinner,TP,"[('Salmon', 7), ('Pasta', 10), ('Fish&Chips', 8), ('Shrimp', 3)]",1004.0,-37.815157299999996,144.959592,0,8.316,14.6697376,Saturday,1,2
ORDY09055,2018-06-20,13:34:38,Lunch,TP,"[('Chicken', 4), ('Fries', 10)]",248.0,-37.811544,144.9563109,0,8.676,11.7889209,Wednesday,0,1
ORDZ02831,2018-01-10,08:10:08,Breakfast,NS,"[('Pancake', 10), ('Cereal', 10)]",452.5,-37.814494700000004,144.954754,1,8.539,13.095532,Wednesday,0,0
ORDA06201,2018-03-19,10:32:06,Breakfast,BK,"[('Pancake', 10), ('Cereal', 5)]",347.5,-37.8150989,144.9522992,0,8.597999999999999,13.2098965,Monday,0,0
ORDB06516,2018-05-28,12:54:05,Lunch,TP,"[('Chicken', 4), ('Burger', 10), ('Salad', 5), ('Steak', 2), ('Fries', 8)]",710.0,-37.8089529,144.9463694,0,9.769,13.4539559,Monday,0,1
ORDK06715,2018-02-25,09:41:24,Breakfast,BK,"[('Pancake', 3), ('Eggs', 5)]",182.75,-37.8058945,144.9614363,0,7.642,15.143035199999998,Sunday,1,0
ORDI03210,2018-03-27,10:42:15,Breakfast,NS,"[('Eggs', 3), ('Cereal', 4)]",150.0,-37.817108600000005,144.9853634,0,8.868,13.4742158,Tuesday,0,0
ORDK09065,2018-11-23,18:49:00,Dinner,BK,"[('Salmon', 5), ('Fish&Chips', 5), ('Shrimp', 6)]",704.0,-37.813342799999994,144.94362719999998,0,9.357000000000001,16.358598579413304,Friday,0,2
ORDI04241,2018-02-03,09:00:50,Breakfast,NS,"[('Coffee', 7), ('Pancake', 8)]",246.5,-37.8091283,144.95590190000001,0,8.056,15.2934232,Saturday,1,0
ORDK05116,2018-05-30,12:54:05,Lunch,BK,"[('Salad', 7), ('Fries', 3), ('Steak', 3), ('Burger', 1), ('Chicken', 4)]",450.4,-37.803735700000004,145.0056821,0,5.433,10.959269800000001,Wednesday,0,1
ORDZ05257,2018-03-05,10:01:41,Breakfast,NS,"[('Pancake', 1), ('Cereal', 10)]",234.25,-37.8151395,144.95044099999998,0,10.187999999999999,15.2494982,Monday,0,0
ORDJ09110,2018-06-16,13:24:30,Lunch,TP,"[('Salad', 10), ('Chicken', 10)]",492.0,-37.8043781,144.99329680000002,0,10.981,15.614718700000001,Saturday,1,1
ORDK05675,2018-06-24,13:44:47,Lunch,BK,"[('Fries', 8), ('Chicken', 1), ('Steak', 2), ('Salad', 3), ('Burger', 5)]",424.6,-37.825601500000005,144.98284630000003,0,7.034,15.2593098,Sunday,1,1
ORDK01861,2018-09-11,16:27:02,Dinner,BK,"[('Pasta', 1), ('Fish&Chips', 3), ('Salmon', 10), ('Shrimp', 3)]",704.5,-37.8089655,144.9664333,0,7.152,13.6222176,Tuesday,0,2
ORDZ08050,2018-10-05,17:07:36,Dinner,NS,"[('Fish&Chips', 9), ('Pasta', 9)]",562.5,-37.813076,144.9709301,0,7.545,13.054590699999999,Friday,0,2
ORDC05883,2018-10-10,17:17:44,Dinner,NS,"[('Shrimp', 4), ('Fish&Chips', 3), ('Pasta', 8), ('Salmon', 5)]",746.0,-37.812371500000005,144.9537051,0,8.547,14.7402082,Wednesday,0,2
ORDZ07907,2018-10-07,17:17:44,Dinner,NS,"[('Shrimp', 3), ('Salmon', 5)]",367.0,-37.8087831,144.9612867,0,7.782,16.310347099999998,Sunday,1,2
ORDK08503,2018-10-31,17:58:18,Dinner,BK,"[('Shrimp', 5), ('Salmon', 9), ('Pasta', 10)]",914.0,-37.8207747,144.9623002,0,8.099,14.372014499999999,Wednesday,0,2
ORDC06355,2018-04-13,11:22:49,Breakfast,NS,"[('Eggs', 8), ('Cereal', 1)]",197.0,-37.8030406,144.9563554,0,7.667999999999999,12.9571664,Friday,0,0
ORDA03397,2018-01-08,08:10:08,Breakfast,BK,"[('Eggs', 8), ('Pancake', 9)]",394.25,-37.816976700000005,144.98008049999999,1,6.564,5.665994613761528,Monday,0,0
ORDK06765,2018-03-29,10:52:23,Breakfast,BK,"[('Eggs', 10), ('Coffee', 8), ('Pancake', 6), ('Cereal', 3)]",488.5,-37.8070489,144.95830569999998,0,7.912,12.6003574,Thursday,0,0
ORDB04942,2018-01-23,08:40:33,Breakfast,TP,"[('Pancake', 8), ('Eggs', 6), ('Coffee', 8), ('Cereal', 10)]",596.0,-37.8109646,144.9782127,0,9.111,11.2639104,Tuesday,0,0
ORDZ00081,2018-12-18,19:39:43,Dinner,NS,"[('Shrimp', 4), ('Pasta', 10), ('Fish&Chips', 9), ('Salmon', 9)]",1175.0,-37.8078839,144.9497582,0,8.612,14.483716500000002,Tuesday,0,2
ORDJ01819,2018-01-31,09:00:50,Breakfast,TP,"[('Eggs', 3), ('Cereal', 3)]",129.0,-37.822972,144.9889144,0,9.283,11.577044599999999,Wednesday,0,0
ORDJ09375,2018-02-19,09:31:16,Breakfast,TP,"[('Coffee', 1), ('Cereal', 1), ('Eggs', 7)]",182.5,-37.8064293,144.9453257,0,9.988,12.642176,Monday,0,0
ORDZ00928,2018-08-15,15:26:11,Lunch,NS,"[('Fries', 7), ('Burger', 8), ('Steak', 8)]",692.0,-37.8090325,144.9838615,0,8.001,13.434282306191934,Wednesday,0,1
ORDJ07699,2018-04-14,11:22:49,Breakfast,TP,"[('Eggs', 8), ('Coffee', 6), ('Cereal', 8), ('Pancake', 1)]",413.25,-37.8179899,144.9935827,0,10.014,14.2737395,Saturday,1,0
ORDK07511,2018-04-30,11:53:14,Breakfast,BK,"[('Cereal', 9), ('Coffee', 9)]",256.5,-37.7998744,144.9550581,0,8.497,13.5340457,Monday,0,0
ORDI02668,2018-07-16,14:25:21,Lunch,NS,"[('Burger', 2), ('Fries', 7), ('Chicken', 1), ('Salad', 9)]",332.8,-37.801081200000006,145.0146905,0,10.401,16.2849394,Monday,0,1
ORDI04546,2018-08-29,15:56:37,Lunch,NS,"[('Fries', 10), ('Salad', 3), ('Chicken', 4), ('Steak', 3), ('Burger', 6)]",620.6,-37.817355299999996,144.946046,0,9.413,15.085829,Wednesday,0,1
ORDC06905,2018-10-08,17:17:44,Dinner,NS,"[('Fish&Chips', 10), ('Salmon', 1), ('Pasta', 6)]",556.0,-37.8117249,144.9563218,0,8.117,13.927482399999999,Monday,0,2
ORDA00465,2018-08-21,15:36:20,Lunch,BK,"[('Salad', 5), ('Burger', 3), ('Chicken', 8), ('Steak', 3), ('Fries', 1)]",582.0,-37.8142545,144.93579580000002,0,10.171,16.47446,Tuesday,0,1
ORDJ05141,2018-01-22,08:40:33,Breakfast,TP,"[('Cereal', 8), ('Eggs', 1), ('Pancake', 9), ('Coffee', 6)]",453.25,-37.807006099999995,144.9541677,0,9.232000000000001,12.305679,Monday,0,0
ORDB06832,2018-12-20,19:39:43,Dinner,TP,"[('Fish&Chips', 6), ('Salmon', 4), ('Shrimp', 10)]",914.0,-37.8171321,144.9341003,0,10.809000000000001,14.6702157,Thursday,0,2
ORDZ06796,2018-03-19,10:32:06,Breakfast,NS,"[('Cereal', 2), ('Pancake', 8), ('Coffee', 4)]",266.0,-37.8192441,144.9330365,0,10.745,15.709099100000001,Monday,0,0
ORDC04202,2018-12-17,19:39:43,Dinner,NS,"[('Fish&Chips', 2), ('Pasta', 3), ('Shrimp', 8), ('Salmon', 6)]",830.5,-37.8070396,144.94985119999998,0,8.601,14.577587900000001,Monday,0,2
ORDX02543,2018-05-11,12:13:31,Lunch,BK,"[('Salad', 9), ('Chicken', 6), ('Steak', 7)]",661.8,-37.810554100000004,145.00478710000002,0,3.7569999999999997,9.1057163,Friday,0,1
ORDK00196,2018-12-04,19:09:17,Dinner,BK,"[('Fish&Chips', 4), ('Shrimp', 3), ('Salmon', 9), ('Pasta', 4)]",781.0,-37.811671999999994,145.0153872,0,4.482,11.4278754,Tuesday,0,2
ORDY06574,2018-03-29,10:52:23,Breakfast,TP,"[('Eggs', 8), ('Pancake', 2), ('Coffee', 7)]",277.0,-37.8019486,144.95743169999997,0,9.525,11.571998599999999,Thursday,0,0
ORDC00804,2018-03-15,10:21:58,Breakfast,NS,"[('Cereal', 1), ('Coffee', 1), ('Pancake', 9)]",246.75,-37.807883000000004,144.97137519999998,0,7.006,12.1055137,Thursday,0,0
ORDJ10481,2018-10-25,17:48:10,Dinner,TP,"[('Pasta', 10), ('Salmon', 9), ('Fish&Chips', 2), ('Shrimp', 5)]",984.0,-37.8200677,144.96602280000002,0,7.357,12.0384689,Thursday,0,2
ORDJ03021,2018-12-05,19:09:17,Dinner,TP,"[('Pasta', 9), ('Salmon', 4)]",411.5,-37.8187081,144.95533659999998,0,8.297,12.619494099999999,Wednesday,0,2
ORDZ00985,2018-09-19,16:37:10,Dinner,NS,"[('Salmon', 8), ('Pasta', 3)]",410.5,-37.8057521,144.95598909999998,0,7.937,13.659754399999999,Wednesday,0,2
ORDX10527,2018-12-09,19:19:26,Dinner,BK,"[('Salmon', 3), ('Fish&Chips', 1)]",158.0,-37.802754,144.9745682,0,6.975,16.3871832,Sunday,1,2
ORDJ08956,2018-02-04,09:00:50,Breakfast,TP,"[('Cereal', 8), ('Coffee', 9), ('Eggs', 1)]",257.5,-37.802594899999995,144.92981880000002,0,11.450999999999999,14.7869824,Sunday,1,0
ORDK02835,2018-11-29,18:59:09,Dinner,BK,"[('Shrimp', 8), ('Fish&Chips', 2), ('Salmon', 9)]",871.0,-37.8173524,144.98788480000002,0,5.875,12.827763099999999,Thursday,0,2
ORDA10291,2018-12-06,19:09:17,Dinner,BK,"[('Salmon', 10), ('Pasta', 7), ('Fish&Chips', 8), ('Shrimp', 1)]",936.5,-37.816284,144.96418799999998,0,7.749,14.389084099999998,Thursday,0,2
ORDI02393,2018-01-10,08:10:08,Breakfast,NS,"[('Eggs', 4), ('Cereal', 6)]",214.0,-37.8031312,144.929427,1,10.07,14.2867804,Wednesday,0,0
ORDB09800,2018-05-08,12:13:31,Lunch,TP,"[('Steak', 6), ('Chicken', 9), ('Fries', 4), ('Salad', 1), ('Burger', 10)]",933.2,-37.8129602,144.94745980000002,0,9.671,12.877201800000002,Tuesday,0,1
ORDX09027,2018-11-10,18:18:35,Dinner,BK,"[('Shrimp', 2), ('Pasta', 6)]",273.0,-37.8166574,144.97123190000002,0,7.95,17.2279428,Saturday,1,2
ORDB02344,2018-07-23,14:45:38,Lunch,TP,"[('Salad', 5), ('Steak', 8), ('Chicken', 3)]",542.0,-37.814590700000004,144.9718229,0,8.376,12.0661565,Monday,0,1
ORDY06495,2018-08-25,15:46:28,Lunch,TP,"[('Fries', 6), ('Burger', 6)]",258.0,-37.8050894,144.9368101,0,10.737,15.4846612,Saturday,1,1
ORDI00659,2018-09-02,16:06:45,Dinner,NS,"[('Fish&Chips', 5), ('Shrimp', 1)]",229.0,-37.813452000000005,144.9655908,0,7.84,15.8228865,Sunday,1,2
ORDC06184,2018-11-17,18:38:52,Dinner,NS,"[('Shrimp', 2), ('Fish&Chips', 2), ('Salmon', 7), ('Pasta', 4)]",575.0,-37.817415999999994,144.9877522,0,9.106,17.1386633,Saturday,1,2
ORDB06269,2018-01-31,09:00:50,Breakfast,TP,"[('Eggs', 4), ('Pancake', 3)]",160.75,-37.8232214,144.988774,0,9.25,11.5027436,Wednesday,0,0
ORDA05363,2018-06-19,13:34:38,Lunch,BK,"[('Fries', 9), ('Steak', 1)]",153.0,-37.8262541,145.0032041,0,5.314,11.005901717933337,Tuesday,0,1
ORDC05059,2018-07-14,14:25:21,Lunch,NS,"[('Steak', 4), ('Chicken', 3), ('Burger', 4)]",400.0,-37.819169099999996,145.005214,0,10.587,18.216165072040337,Saturday,1,1
ORDX09475,2018-09-01,15:56:37,Lunch,BK,"[('Salad', 9), ('Burger', 10), ('Fries', 8), ('Steak', 6)]",830.8,-37.8172191,144.9532949,0,8.669,17.169510799658205,Saturday,1,1
ORDA01754,2018-04-27,11:43:05,Breakfast,BK,"[('Pancake', 2), ('Coffee', 1)]",56.0,-37.801733399999996,144.94168259999998,0,9.492,13.8965812,Friday,0,0
ORDJ04391,2018-06-16,13:24:30,Lunch,TP,"[('Fries', 2), ('Burger', 10), ('Chicken', 9), ('Steak', 4)]",802.0,-37.8187929,144.9738324,0,8.187000000000001,13.4512664,Saturday,1,1
ORDK10333,2018-06-14,13:24:30,Lunch,BK,"[('Fries', 2), ('Steak', 5), ('Salad', 1)]",266.2,-37.8225768,144.9719802,0,7.775,13.473766199999998,Thursday,0,1
ORDJ00587,2018-10-08,17:17:44,Dinner,TP,"[('Pasta', 8), ('Fish&Chips', 2)]",290.0,-37.8183822,144.9606004,0,7.757999999999999,12.2937166,Monday,0,2
ORDI05291,2018-06-06,13:04:13,Lunch,NS,"[('Fries', 3), ('Chicken', 10), ('Burger', 1), ('Salad', 4), ('Steak', 10)]",905.8,-37.7998606,144.9872392,0,7.7989999999999995,12.9472213,Wednesday,0,1
ORDB06165,2018-06-24,13:44:47,Lunch,TP,"[('Burger', 1), ('Fries', 1), ('Chicken', 2), ('Salad', 3), ('Steak', 10)]",608.6,-37.8250411,144.9827645,0,8.973,13.7869299,Sunday,1,1
ORDC06478,2018-01-06,08:10:08,Breakfast,NS,"[('Pancake', 2), ('Cereal', 5), ('Coffee', 8)]",213.5,-37.8108189,145.003222,1,9.719,16.4811562,Saturday,1,0
ORDA06048,2018-10-28,17:58:18,Dinner,BK,"[('Pasta', 2), ('Shrimp', 2)]",163.0,-37.821277,144.99183530000002,0,5.809,14.982999300000001,Sunday,1,2
ORDJ02005,2018-04-04,11:02:32,Breakfast,TP,"[('Pancake', 8), ('Eggs', 2)]",238.0,-37.8157301,144.9791528,0,8.818,10.7136812,Wednesday,0,0
ORDY06910,2018-04-01,10:52:23,Breakfast,TP,"[('Cereal', 5), ('Pancake', 1), ('Coffee', 8)]",189.25,-37.8001783,144.9500496,0,10.201,14.11850832148471,Sunday,1,0
ORDX10834,2018-06-04,13:04:13,Lunch,BK,"[('Burger', 3), ('Chicken', 9), ('Fries', 4)]",429.0,-37.8067976,144.99838019999999,0,4.613,10.3314417,Monday,0,1
ORDJ09602,2018-03-28,10:52:23,Breakfast,TP,"[('Eggs', 1), ('Coffee', 9), ('Pancake', 2)]",138.0,-37.8161049,144.9723421,0,8.192,10.945423,Wednesday,0,0
ORDA01467,2018-11-18,18:38:52,Dinner,BK,"[('Fish&Chips', 8), ('Salmon', 10), ('Shrimp', 8)]",1122.0,-37.818844299999995,145.0068388,0,4.256,13.355110199999999,Sunday,1,2
ORDX02787,2018-05-09,12:13:31,Lunch,BK,"[('Salad', 9), ('Steak', 6), ('Burger', 4), ('Chicken', 6)]",740.8,-37.8021489,144.9892151,0,5.832999999999999,12.2094809,Wednesday,0,1
ORDY10333,2018-06-18,13:34:38,Lunch,TP,"[('Salad', 5), ('Chicken', 5), ('Steak', 3), ('Burger', 6)]",567.0,-37.8184825,144.9747793,0,8.287,11.509360899999999,Monday,0,1
ORDA09051,2018-08-01,14:55:46,Lunch,BK,"[('Chicken', 1), ('Steak', 7), ('Salad', 5), ('Fries', 7), ('Burger', 9)]",796.0,-37.8076259,144.9479451,0,8.907,15.277422400000003,Wednesday,0,1
ORDK08404,2018-11-01,18:08:27,Dinner,BK,"[('Pasta', 7), ('Salmon', 9), ('Fish&Chips', 3), ('Shrimp', 1)]",720.5,-37.823832,144.981317,0,6.981,13.7997469,Thursday,0,2
ORDA04751,2018-10-21,17:38:01,Dinner,BK,"[('Shrimp', 7), ('Pasta', 5)]",515.5,-37.80266820000001,144.96526540000002,0,7.61,17.0614388,Sunday,1,2
ORDZ05937,2018-12-06,19:19:26,Dinner,NS,"[('Fish&Chips', 2), ('Pasta', 2)]",125.0,-37.823916100000005,144.9877779,0,9.52,15.8590621,Thursday,0,2
ORDA01567,2018-10-23,17:48:10,Dinner,BK,"[('Pasta', 10), ('Fish&Chips', 7), ('Salmon', 4), ('Shrimp', 1)]",738.0,-37.8076028,144.9963551,0,4.766,11.273401300000002,Tuesday,0,2
ORDB10888,2018-09-23,16:47:19,Dinner,TP,"[('Pasta', 10), ('Shrimp', 1)]",329.0,-37.822312,144.9524743,0,8.517000000000001,14.127452599999998,Sunday,1,2
ORDA06365,2018-05-11,12:13:31,Lunch,BK,"[('Chicken', 7), ('Burger', 1)]",255.0,-37.8052165,144.94929869999999,0,8.661,14.8126848,Friday,0,1
ORDC09729,2018-10-26,17:48:10,Dinner,NS,"[('Salmon', 10), ('Pasta', 5), ('Fish&Chips', 9)]",862.5,-37.806078899999996,144.9974028,0,9.187,15.1897897,Friday,0,2
ORDY00482,2018-02-25,09:41:24,Breakfast,TP,"[('Cereal', 10), ('Pancake', 9), ('Coffee', 9), ('Eggs', 4)]",583.75,-37.8145906,144.9616841,0,8.156,12.314459,Sunday,1,0
ORDI06637,2018-12-25,19:49:51,Dinner,NS,"[('Fish&Chips', 9), ('Shrimp', 10)]",855.0,-37.822117999999996,144.9693669,0,8.846,14.863184718890254,Tuesday,0,2
ORDJ06962,2018-05-31,12:54:05,Lunch,TP,"[('Steak', 9), ('Chicken', 6), ('Burger', 3)]",690.0,-37.7936094,144.9736686,0,10.859000000000002,13.6123454,Thursday,0,1
ORDA09986,2018-04-24,11:43:05,Breakfast,BK,"[('Coffee', 10), ('Eggs', 2)]",119.0,-37.8125487,144.9569572,0,8.163,12.570882699999999,Tuesday,0,0
ORDZ09009,2018-02-21,09:41:24,Breakfast,NS,"[('Pancake', 2), ('Coffee', 10)]",123.5,-37.8134029,145.00250659999998,0,9.948,15.0178335,Wednesday,0,0
ORDC05864,2018-11-21,18:49:00,Dinner,NS,"[('Shrimp', 4), ('Salmon', 8)]",544.0,-37.8081963,144.97684990000002,0,7.398,13.6778045,Wednesday,0,2
ORDJ03668,2018-05-16,12:23:39,Lunch,TP,"[('Burger', 5), ('Chicken', 5)]",315.0,-37.809039,144.9719353,0,9.056000000000001,12.830622,Wednesday,0,1
ORDI04735,2018-10-26,17:48:10,Dinner,NS,"[('Salmon', 5), ('Pasta', 1), ('Shrimp', 6)]",556.5,-37.8109859,144.9587939,0,7.8839999999999995,13.838461312045416,Friday,0,2
ORDJ00956,2018-10-10,17:17:44,Dinner,TP,"[('Fish&Chips', 4), ('Pasta', 10), ('Shrimp', 1), ('Salmon', 2)]",551.0,-37.8194102,144.9619622,0,7.978,12.3819913,Wednesday,0,2
ORDA07749,2018-03-31,10:52:23,Breakfast,BK,"[('Coffee', 9), ('Cereal', 2)]",109.5,-37.802563,144.94563369999997,0,9.087,16.4661706,Saturday,1,0
ORDI07276,2018-04-26,11:43:05,Breakfast,NS,"[('Coffee', 9), ('Eggs', 6)]",199.5,-37.8188045,144.9658251,0,8.627,13.317450899999999,Thursday,0,0
ORDC08855,2018-03-18,10:32:06,Breakfast,NS,"[('Pancake', 1), ('Coffee', 4), ('Eggs', 5)]",164.25,-37.809318,144.9719386,0,7.181,14.472931599999999,Sunday,1,0
ORDZ06108,2018-10-21,17:38:01,Dinner,NS,"[('Fish&Chips', 4), ('Salmon', 3), ('Shrimp', 7)]",641.0,-37.8050479,144.99286419999999,0,8.441,16.5982405,Sunday,1,2
ORDI02940,2018-09-09,16:16:54,Dinner,NS,"[('Salmon', 3), ('Fish&Chips', 4), ('Pasta', 8), ('Shrimp', 10)]",1023.0,-37.809965399999996,144.96214719999998,0,7.7,15.4869106,Sunday,1,2
ORDK06001,2018-07-03,14:05:04,Lunch,BK,"[('Salad', 8), ('Steak', 3)]",272.6,-37.809739799999996,144.9639217,0,7.394,12.7643559,Tuesday,0,1
ORDY07121,2018-05-29,12:54:05,Lunch,TP,"[('Burger', 10), ('Steak', 8), ('Salad', 2), ('Chicken', 10)]",1024.4,-37.832161600000006,144.97164880000003,0,8.984,12.5203311,Tuesday,0,1
ORDC03956,2018-10-04,17:07:36,Dinner,NS,"[('Shrimp', 7), ('Pasta', 6), ('Fish&Chips', 10)]",893.0,-37.8088307,144.9420426,0,9.956,15.8367841,Thursday,0,2
ORDB09515,2018-06-09,13:14:21,Lunch,TP,"[('Salad', 4), ('Fries', 5)]",128.8,-37.7993149,144.9602499,0,9.937999999999999,14.7483677,Saturday,1,1
ORDI10823,2018-01-25,08:40:33,Breakfast,NS,"[('Pancake', 2), ('Cereal', 3), ('Eggs', 3), ('Coffee', 10)]",252.5,-37.8205235,144.95389440000002,0,9.489,14.803355400000001,Thursday,0,0
ORDB07392,2018-06-15,13:24:30,Lunch,TP,"[('Fries', 1), ('Steak', 8), ('Salad', 1)]",389.2,-37.8232007,144.969604,0,8.001,11.451123599999999,Friday,0,1
ORDB08644,2018-11-21,18:38:52,Dinner,TP,"[('Pasta', 7), ('Salmon', 2)]",274.5,-37.8083453,144.97661019999998,0,9.276,13.427221796707446,Wednesday,0,2
ORDB05573,2018-04-16,11:22:49,Breakfast,TP,"[('Eggs', 6), ('Coffee', 1), ('Pancake', 10), ('Cereal', 5)]",487.0,-37.8097814,144.9712373,0,9.013,11.486336900000001,Monday,0,0
ORDJ01367,2018-07-23,14:45:38,Lunch,TP,"[('Chicken', 6), ('Steak', 5), ('Salad', 5), ('Burger', 7), ('Fries', 8)]",816.0,-37.8122352,144.98987030000004,0,9.971,13.023749,Monday,0,1
ORDA02260,2018-04-09,11:12:40,Breakfast,BK,"[('Coffee', 4), ('Pancake', 9), ('Cereal', 6), ('Eggs', 8)]",550.25,-37.801525899999994,144.9772921,0,6.9239999999999995,11.718228104074175,Monday,0,0
ORDI07590,2018-06-05,13:04:13,Lunch,NS,"[('Salad', 3), ('Fries', 4)]",99.6,-37.8140759,144.9396602,0,9.648,15.5025477,Tuesday,0,1
ORDY00119,2018-07-06,14:05:04,Lunch,TP,"[('Fries', 3), ('Steak', 10), ('Burger', 8), ('Salad', 10)]",906.0,-37.7922131,144.9600395,0,10.607999999999999,14.2211312,Friday,0,1
ORDX10154,2018-03-27,10:42:15,Breakfast,BK,"[('Eggs', 1), ('Coffee', 5), ('Cereal', 7), ('Pancake', 7)]",376.25,-37.8205448,144.95745459999998,0,8.375,13.471203899999999,Tuesday,0,0
ORDC03555,2018-06-28,13:54:55,Lunch,NS,"[('Steak', 9), ('Burger', 2), ('Fries', 5), ('Salad', 5), ('Chicken', 10)]",933.0,-37.8120344,144.9492301,0,8.798,14.2107515,Thursday,0,1
ORDK09117,2018-02-26,09:51:32,Breakfast,BK,"[('Pancake', 3), ('Cereal', 5)]",177.75,-37.823352500000006,144.9671934,0,8.142000000000001,13.1211533,Monday,0,0
ORDJ02478,2018-11-29,18:59:09,Dinner,TP,"[('Pasta', 9), ('Salmon', 5), ('Shrimp', 6)]",776.5,-37.8171267,145.0060976,0,11.32,15.2601003,Thursday,0,2
ORDC06568,2018-12-10,19:19:26,Dinner,NS,"[('Fish&Chips', 5), ('Shrimp', 8)]",607.0,-37.8122103,144.9375505,0,10.23,16.083977800000003,Monday,0,2
ORDK05926,2018-11-25,18:49:00,Dinner,BK,"[('Salmon', 6), ('Fish&Chips', 2)]",316.0,-37.8087794,144.9828008,0,5.687,14.8040405,Sunday,1,2
ORDC08129,2018-06-17,13:24:30,Lunch,NS,"[('Fries', 7), ('Steak', 4)]",264.0,-37.802584499999995,144.9650523,0,6.78,14.160944687572263,Sunday,1,1
ORDZ06288,2018-05-08,12:13:31,Lunch,NS,"[('Steak', 1), ('Chicken', 3), ('Fries', 1), ('Burger', 8), ('Salad', 9)]",555.8,-37.799940500000005,144.958796,0,7.164,13.221915599999999,Tuesday,0,1
ORDZ06971,2018-05-16,12:23:39,Lunch,NS,"[('Burger', 2), ('Salad', 5)]",148.0,-37.8079477,144.9697767,0,7.53,12.5123342,Wednesday,0,1
ORDZ02749,2018-05-18,12:33:48,Lunch,NS,"[('Burger', 2), ('Salad', 3), ('Steak', 3), ('Fries', 9), ('Chicken', 4)]",484.6,-37.8029722,144.95799119999998,0,7.547999999999999,13.326802300000002,Friday,0,1
ORDK10624,2018-01-24,08:40:33,Breakfast,BK,"[('Eggs', 3), ('Pancake', 4)]",163.0,-37.806396,145.00387980000002,0,4.198,8.9853144,Wednesday,0,0
ORDZ02069,2018-01-05,08:00:00,Breakfast,NS,"[('Pancake', 1), ('Cereal', 5)]",129.25,-37.8216294,144.96141169999999,1,9.1,13.854083,Friday,0,0
ORDK05826,2018-12-30,20:00:00,Dinner,BK,"[('Shrimp', 9), ('Salmon', 2), ('Pasta', 1)]",595.5,-37.8257965,144.9680325,0,8.332,17.5761854,Sunday,1,2
ORDA02034,2018-08-26,15:46:28,Lunch,BK,"[('Chicken', 3), ('Steak', 4), ('Burger', 8), ('Salad', 5)]",610.0,-37.8123469,144.93826030000002,0,10.456,18.8560275,Sunday,1,1
ORDY04021,2018-03-01,09:51:32,Breakfast,TP,"[('Pancake', 5), ('Coffee', 8), ('Eggs', 4)]",269.25,-37.815755700000004,145.0126113,0,12.039000000000001,14.0930421,Thursday,0,0
ORDZ05984,2018-03-24,10:42:15,Breakfast,NS,"[('Pancake', 8), ('Cereal', 9), ('Coffee', 7), ('Eggs', 8)]",611.5,-37.818896200000005,144.98484009999999,0,8.958,15.8397804,Saturday,1,0
ORDX06290,2018-11-19,18:38:52,Dinner,BK,"[('Pasta', 2), ('Shrimp', 3)]",217.0,-37.813993200000006,144.9361387,0,10.204,17.4033654,Monday,0,2
ORDY10617,2018-03-06,10:01:41,Breakfast,TP,"[('Eggs', 9), ('Cereal', 8), ('Pancake', 7), ('Coffee', 5)]",573.25,-37.8132459,144.9514796,0,9.062000000000001,11.484457,Tuesday,0,0
ORDC07949,2018-04-28,11:53:14,Breakfast,NS,"[('Eggs', 6), ('Pancake', 1)]",156.25,-37.815430400000004,144.9833834,0,8.593,15.549606699999998,Saturday,1,0
ORDJ04112,2018-04-25,11:43:05,Breakfast,TP,"[('Eggs', 10), ('Cereal', 7), ('Pancake', 6)]",512.5,-37.8059271,144.9788781,0,9.715,12.183582331561004,Wednesday,0,0
ORDA08042,2018-12-29,20:00:00,Dinner,BK,"[('Fish&Chips', 8), ('Shrimp', 4), ('Salmon', 4)]",660.0,-37.821256899999995,144.9613229,0,8.206,18.1178827,Saturday,1,2
ORDK03827,2018-08-22,15:36:20,Lunch,BK,"[('Steak', 9), ('Fries', 5)]",465.0,-37.8227378,144.9851622,0,6.656000000000001,12.7655769,Wednesday,0,1
ORDY04193,2018-10-20,17:38:01,Dinner,TP,"[('Salmon', 6), ('Pasta', 5), ('Fish&Chips', 10)]",733.5,-37.8195701,144.95801569999998,0,7.942,14.192701800000002,Saturday,1,2
ORDI00684,2018-09-07,16:16:54,Dinner,NS,"[('Fish&Chips', 4), ('Salmon', 4), ('Shrimp', 6), ('Pasta', 7)]",820.5,-37.8204535,144.9769006,0,8.88,15.2756117,Friday,0,2
ORDJ04520,2018-05-30,12:54:05,Lunch,TP,"[('Fries', 8), ('Chicken', 7), ('Salad', 9), ('Steak', 4), ('Burger', 8)]",902.8,-37.8243566,144.9523426,0,8.339,12.191512300000001,Wednesday,0,1
ORDZ08725,2018-03-09,10:11:49,Breakfast,NS,"[('Cereal', 6), ('Coffee', 7), ('Eggs', 3), ('Pancake', 6)]",390.0,-37.8187723,144.982729,0,8.978,13.9465117,Friday,0,0
ORDK01347,2018-03-03,10:01:41,Breakfast,BK,"[('Pancake', 5), ('Coffee', 5), ('Eggs', 2), ('Cereal', 5)]",307.75,-37.7987726,144.989628,0,6.1770000000000005,13.630434900000001,Saturday,1,0
ORDB02117,2018-07-15,14:25:21,Lunch,TP,"[('Steak', 7), ('Chicken', 7), ('Burger', 4)]",663.0,-37.820198299999994,144.957654,0,7.941,13.251818400000001,Sunday,1,1
ORDX03052,2018-12-25,19:49:51,Dinner,BK,"[('Fish&Chips', 3), ('Shrimp', 1), ('Pasta', 8), ('Salmon', 1)]",420.0,-37.8252348,144.9567953,0,8.866,15.8318116672283,Tuesday,0,2
ORDC08464,2018-11-08,18:18:35,Dinner,NS,"[('Fish&Chips', 9), ('Shrimp', 7), ('Salmon', 8)]",1021.0,-37.816123299999994,144.96474809999998,0,8.267000000000001,13.961820000000001,Thursday,0,2
ORDA01749,2018-07-03,14:05:04,Lunch,BK,"[('Fries', 9), ('Salad', 10)]",280.0,-37.809669799999995,144.9637071,0,7.4,13.0515766,Tuesday,0,1
ORDJ10169,2018-08-23,15:46:28,Lunch,TP,"[('Salad', 9), ('Chicken', 9), ('Burger', 1), ('Fries', 8), ('Steak', 2)]",659.8,-37.8264748,144.9516952,0,8.503,11.808432,Thursday,0,1
ORDY08499,2018-04-12,11:22:49,Breakfast,TP,"[('Pancake', 5), ('Eggs', 1)]",143.25,-37.8135033,144.96178989999999,0,8.218,10.9844591,Thursday,0,0
ORDK07723,2018-10-04,17:07:36,Dinner,BK,"[('Pasta', 9), ('Fish&Chips', 4), ('Salmon', 10)]",797.5,-37.80906629999999,144.976665,0,6.274,12.982130900000001,Thursday,0,2
ORDJ07760,2018-12-29,20:00:00,Dinner,TP,"[('Pasta', 1), ('Fish&Chips', 7)]",272.5,-37.8137954,144.9718227,0,8.49,13.927475,Saturday,1,2
ORDY06423,2018-10-02,17:07:36,Dinner,TP,"[('Fish&Chips', 6), ('Pasta', 9), ('Salmon', 8)]",785.5,-37.8029429,144.9633573,0,9.539,13.2215417,Tuesday,0,2
ORDA08456,2018-09-19,16:37:10,Dinner,BK,"[('Fish&Chips', 7), ('Pasta', 2)]",300.0,-37.8256534,144.9298935,0,15.186,23.2232967,Wednesday,0,2
ORDB06706,2018-05-25,12:43:56,Lunch,TP,"[('Chicken', 4), ('Steak', 2), ('Fries', 7)]",302.0,-37.80269129999999,144.96355580000002,0,9.446,12.6630515,Friday,0,1
ORDZ04381,2018-01-15,08:20:16,Breakfast,NS,"[('Cereal', 1), ('Pancake', 10)]",263.5,-37.8038083,144.9969606,1,8.71,12.8669582,Monday,0,0
ORDY10664,2018-06-08,13:14:21,Lunch,TP,"[('Salad', 5), ('Burger', 6)]",272.0,-37.8047977,144.9488389,0,9.83,13.086743861128687,Friday,0,1
ORDJ04881,2018-12-29,20:00:00,Dinner,TP,"[('Salmon', 2), ('Fish&Chips', 1), ('Pasta', 5), ('Shrimp', 6)]",578.5,-37.8134601,144.97139099999998,0,8.516,13.984028,Saturday,1,2
ORDI10341,2018-04-12,11:22:49,Breakfast,NS,"[('Pancake', 3), ('Eggs', 10), ('Coffee', 7), ('Cereal', 10)]",555.25,-37.8101023,144.9641327,0,7.462000000000001,12.726489599999999,Thursday,0,0
ORDK10081,2018-10-12,17:27:53,Dinner,BK,"[('Pasta', 5), ('Fish&Chips', 1)]",172.5,-37.8199801,144.9968503,0,5.26,12.2154883,Friday,0,2
ORDA01463,2018-01-07,08:10:08,Breakfast,BK,"[('Eggs', 5), ('Coffee', 8), ('Cereal', 4), ('Pancake', 8)]",448.0,-37.8133334,144.9375814,1,10.13,17.9316742,Sunday,1,0
ORDK09710,2018-06-10,13:14:21,Lunch,BK,"[('Steak', 4), ('Salad', 3), ('Burger', 4), ('Fries', 2), ('Chicken', 5)]",539.6,-37.8208441,144.98838600000002,0,6.05,14.4137275,Sunday,1,1
ORDK09009,2018-04-14,11:22:49,Breakfast,BK,"[('Pancake', 2), ('Cereal', 10)]",258.5,-37.8245985,144.96981350000001,0,8.149,15.6076299,Saturday,1,0
ORDY10372,2018-12-21,19:39:43,Dinner,TP,"[('Pasta', 9), ('Shrimp', 7), ('Fish&Chips', 3)]",730.5,-37.81218270000001,144.9697962,0,8.609,12.3503834,Friday,0,2
ORDZ01214,2018-01-18,08:30:25,Breakfast,NS,"[('Eggs', 1), ('Cereal', 8), ('Pancake', 8)]",384.0,-37.8040667,144.9668552,1,6.724,11.798098399999999,Thursday,0,0
ORDK00089,2018-01-25,08:40:33,Breakfast,BK,"[('Coffee', 8), ('Pancake', 9), ('Cereal', 3), ('Eggs', 3)]",407.25,-37.823357200000004,144.9891071,0,6.257000000000001,10.5082776,Thursday,0,0
ORDZ00753,2018-11-05,18:08:27,Dinner,NS,"[('Pasta', 3), ('Salmon', 2), ('Shrimp', 1)]",218.5,-37.8159035,144.9215437,0,10.915,17.1012223,Monday,0,2
ORDJ00701,2018-04-23,11:43:05,Breakfast,TP,"[('Cereal', 9), ('Eggs', 7), ('Pancake', 5)]",464.25,-37.8180376,144.9694175,0,7.856,10.3312881,Monday,0,0
ORDI03037,2018-08-08,15:16:03,Lunch,NS,"[('Burger', 5), ('Fries', 1), ('Chicken', 6), ('Salad', 7)]",479.4,-37.8113891,144.9534946,0,8.394,13.746612900000002,Wednesday,0,1
ORDI10166,2018-11-19,18:38:52,Dinner,NS,"[('Shrimp', 2), ('Pasta', 9)]",355.5,-37.8091482,144.94249399999998,0,10.825999999999999,17.108109699999996,Monday,0,2
ORDK03215,2018-03-01,09:51:32,Breakfast,BK,"[('Coffee', 7), ('Eggs', 10), ('Cereal', 8), ('Pancake', 7)]",610.25,-37.8208282,144.9680865,0,7.882999999999999,12.725614300000002,Thursday,0,0
ORDK01143,2018-07-08,14:15:12,Lunch,BK,"[('Chicken', 8), ('Fries', 1), ('Burger', 8), ('Steak', 4), ('Salad', 10)]",868.0,-37.8179326,144.95112519999998,0,8.895,16.859784299999998,Sunday,1,1
ORDK04850,2018-01-11,08:20:16,Breakfast,BK,"[('Coffee', 8), ('Cereal', 5), ('Pancake', 1), ('Eggs', 8)]",365.25,-37.8164986,144.9844642,1,6.1,10.543689,Thursday,0,0
ORDC03560,2018-11-20,18:38:52,Dinner,NS,"[('Salmon', 1), ('Pasta', 9)]",288.5,-37.8070217,144.9692309,0,6.832000000000001,12.4726541,Tuesday,0,2
ORDK11065,2018-02-26,09:51:32,Breakfast,BK,"[('Pancake', 6), ('Cereal', 3), ('Eggs', 5)]",318.5,-37.8128953,144.99553600000002,0,4.772,9.7735346,Monday,0,0
ORDA07492,2018-01-12,08:20:16,Breakfast,BK,"[('Eggs', 10), ('Cereal', 7)]",367.0,-37.816329700000004,144.9852803,1,6.011,10.852847,Friday,0,0
ORDY06468,2018-04-12,11:12:40,Breakfast,TP,"[('Pancake', 1), ('Coffee', 5), ('Cereal', 10), ('Eggs', 5)]",381.75,-37.8146506,144.9593159,0,13.698,15.845535199999999,Thursday,0,0
ORDZ09036,2018-10-25,17:48:10,Dinner,NS,"[('Shrimp', 4), ('Pasta', 9), ('Fish&Chips', 10)]",813.5,-37.820508200000006,144.9660596,0,8.897,15.3458115,Thursday,0,2
ORDK01486,2018-05-22,12:33:48,Lunch,BK,"[('Fries', 8), ('Salad', 7), ('Steak', 8), ('Burger', 6)]",762.4,-37.8254721,144.9531489,0,9.099,15.1247628,Tuesday,0,1
ORDY09632,2018-05-20,12:33:48,Lunch,TP,"[('Salad', 9), ('Steak', 4)]",334.8,-37.8100036,144.9953046,0,10.622,15.5778383,Sunday,1,1
ORDB10137,2018-10-10,17:17:44,Dinner,TP,"[('Shrimp', 6), ('Pasta', 10), ('Salmon', 3)]",722.0,-37.8125584,144.9525509,0,9.064,13.1959389,Wednesday,0,2
ORDB09434,2018-12-16,19:39:43,Dinner,TP,"[('Fish&Chips', 5), ('Salmon', 10)]",585.0,-37.812317900000004,144.9658842,0,8.39,13.810813699999999,Sunday,1,2
ORDY07147,2018-12-24,19:49:51,Dinner,TP,"[('Pasta', 10), ('Fish&Chips', 10)]",625.0,-37.8192904,145.0056706,0,11.095999999999998,15.36059,Monday,0,2
ORDZ07431,2018-10-15,17:27:53,Dinner,NS,"[('Shrimp', 4), ('Salmon', 2), ('Fish&Chips', 2), ('Pasta', 5)]",505.5,-37.80948720000001,144.9757411,0,7.467,13.760292199999999,Monday,0,2
ORDZ09834,2018-11-04,18:08:27,Dinner,NS,"[('Shrimp', 2), ('Fish&Chips', 2), ('Salmon', 1)]",219.0,-37.811516100000006,144.9526832,0,8.492,16.513376407686877,Sunday,1,2
ORDJ05730,2018-02-25,09:41:24,Breakfast,TP,"[('Coffee', 7), ('Eggs', 10)]",272.5,-37.8145064,144.96197450000003,0,8.128,12.3937503,Sunday,1,0
ORDA10964,2018-01-07,08:10:08,Breakfast,BK,"[('Eggs', 3), ('Pancake', 8), ('Cereal', 6), ('Coffee', 7)]",438.5,-37.8132722,144.93723880000002,1,10.107000000000001,18.22254,Sunday,1,0
ORDJ10651,2018-11-30,18:59:09,Dinner,TP,"[('Shrimp', 3), ('Fish&Chips', 9), ('Pasta', 2), ('Salmon', 3)]",655.0,-37.801178,145.0030763,0,12.175,15.836979999999999,Friday,0,2
ORDB04158,2018-09-17,16:37:10,Dinner,TP,"[('Salmon', 6), ('Fish&Chips', 8)]",526.0,-37.81350020000001,144.965631,0,8.206,12.5379277,Monday,0,2
ORDC06924,2018-09-07,16:16:54,Dinner,NS,"[('Salmon', 2), ('Pasta', 1), ('Fish&Chips', 2)]",179.5,-37.8204757,144.97680569999997,0,8.89,15.027251699999999,Friday,0,2
ORDZ08656,2018-07-10,14:15:12,Lunch,NS,"[('Burger', 5), ('Steak', 3), ('Chicken', 10)]",610.0,-37.824387,144.982992,0,9.378,15.5002323,Tuesday,0,1
ORDK05883,2018-05-15,12:23:39,Lunch,BK,"[('Steak', 1), ('Burger', 1), ('Fries', 3), ('Salad', 2)]",146.4,-37.808026899999994,144.97066999999998,0,7.063,12.882378926510869,Tuesday,0,1
ORDZ09609,2018-04-04,11:02:32,Breakfast,NS,"[('Coffee', 6), ('Cereal', 3), ('Eggs', 1)]",130.0,-37.805401,144.97370769999998,0,6.818,11.0878167,Wednesday,0,0
ORDX08117,2018-06-15,13:24:30,Lunch,BK,"[('Salad', 8), ('Fries', 4)]",185.6,-37.8135115,144.96559209999998,0,7.499,13.2689405,Friday,0,1
ORDI10076,2018-03-17,10:21:58,Breakfast,NS,"[('Coffee', 2), ('Cereal', 1), ('Pancake', 6)]",181.5,-37.823242,144.9881207,0,9.423,16.9477107,Saturday,1,0
ORDZ04588,2018-02-25,09:41:24,Breakfast,NS,"[('Cereal', 7), ('Eggs', 9)]",345.0,-37.8126526,144.9607696,0,7.982,14.548405800000001,Sunday,1,0
ORDI07619,2018-08-09,15:16:03,Lunch,NS,"[('Steak', 2), ('Chicken', 1)]",122.0,-37.8155547,144.9880593,0,8.974,14.3880704,Thursday,0,1
ORDY09877,2018-09-27,16:57:27,Dinner,TP,"[('Fish&Chips', 10), ('Salmon', 6)]",596.0,-37.8034921,145.0195903,0,14.120999999999999,17.6154408,Thursday,0,2
ORDZ10309,2018-05-26,12:43:56,Lunch,NS,"[('Chicken', 2), ('Fries', 3), ('Burger', 4)]",224.0,-37.8132571,145.0145371,0,11.300999999999998,19.2338743,Saturday,1,1
ORDZ04040,2018-08-08,15:16:03,Lunch,NS,"[('Burger', 4), ('Chicken', 7), ('Salad', 2), ('Steak', 6), ('Fries', 3)]",688.4,-37.8029968,144.94942939999999,0,8.277999999999999,13.6065647,Wednesday,0,1
ORDX07470,2018-02-14,09:21:07,Breakfast,BK,"[('Pancake', 7), ('Eggs', 2), ('Cereal', 3)]",276.75,-37.803495299999994,144.9629891,0,7.771,12.626962349737509,Wednesday,0,0
ORDC05737,2018-11-19,18:38:52,Dinner,NS,"[('Fish&Chips', 6), ('Shrimp', 5), ('Salmon', 4), ('Pasta', 2)]",699.0,-37.799530700000005,144.95568830000002,0,7.433,13.358055640021488,Monday,0,2
ORDC09084,2018-02-17,09:31:16,Breakfast,NS,"[('Eggs', 6), ('Cereal', 6)]",258.0,-37.827498299999995,144.9877139,0,9.953,16.823793300000002,Saturday,1,0
ORDK02775,2018-11-06,18:18:35,Dinner,BK,"[('Shrimp', 5), ('Pasta', 6), ('Salmon', 6)]",681.0,-37.814937,144.96334,0,7.803,14.3418985,Tuesday,0,2
ORDA02471,2018-07-18,14:35:29,Lunch,BK,"[('Burger', 2), ('Chicken', 3), ('Steak', 8)]",518.0,-37.820045,144.9611555,0,8.09,14.5598642,Wednesday,0,1
ORDI02299,2018-04-26,11:43:05,Breakfast,NS,"[('Coffee', 10), ('Pancake', 10), ('Eggs', 5), ('Cereal', 6)]",553.5,-37.803559899999996,144.9764865,0,6.904,11.849346,Thursday,0,0
ORDI03675,2018-01-19,08:30:25,Breakfast,NS,"[('Eggs', 10), ('Cereal', 8), ('Pancake', 10), ('Coffee', 1)]",638.0,-37.8114674,144.9365158,0,10.425,15.3287544,Friday,0,0
ORDJ03236,2018-07-08,14:15:12,Lunch,TP,"[('Chicken', 5), ('Salad', 7), ('Fries', 8), ('Burger', 9)]",655.4,-37.8080982,144.9767184,0,9.307,14.583181,Sunday,1,1
ORDZ01275,2018-09-28,16:57:27,Dinner,NS,"[('Pasta', 2), ('Shrimp', 4), ('Fish&Chips', 5), ('Salmon', 6)]",692.0,-37.8058336,144.9474435,0,8.71,14.7919509,Friday,0,2
ORDZ08333,2018-03-10,10:11:49,Breakfast,NS,"[('Pancake', 8), ('Eggs', 6)]",326.0,-37.8148786,144.98212030000002,0,8.424,15.237926199999999,Saturday,1,0
ORDI05160,2018-02-25,09:41:24,Breakfast,NS,"[('Eggs', 9), ('Cereal', 4), ('Coffee', 2)]",297.0,-37.8145906,144.9616841,0,8.214,15.0672035,Sunday,1,0
ORDZ02332,2018-01-26,08:50:42,Breakfast,NS,"[('Pancake', 8), ('Cereal', 2), ('Eggs', 1)]",258.0,-37.8083827,144.955006,0,8.177,13.3087421,Friday,0,0
ORDZ03582,2018-01-20,08:30:25,Breakfast,NS,"[('Cereal', 6), ('Coffee', 2), ('Pancake', 10)]",383.5,-37.8041952,144.9746456,0,6.735,13.4892234,Saturday,1,0
ORDB03106,2018-01-24,08:40:33,Breakfast,TP,"[('Pancake', 8), ('Coffee', 4), ('Cereal', 6)]",350.0,-37.804502299999996,144.92054819999998,0,11.985,14.1955671,Wednesday,0,0
ORDI01214,2018-03-03,10:01:41,Breakfast,NS,"[('Cereal', 3), ('Eggs', 8), ('Pancake', 10)]",481.5,-37.8252643,144.9477532,0,10.21,17.6330996,Saturday,1,0
ORDC03343,2018-07-02,13:54:55,Lunch,NS,"[('Steak', 4), ('Salad', 10)]",352.0,-37.80952070000001,144.9369169,0,9.947000000000001,15.576737300000001,Monday,0,1
ORDZ05248,2018-09-11,16:27:02,Dinner,NS,"[('Pasta', 10), ('Fish&Chips', 6), ('Shrimp', 7), ('Salmon', 8)]",1191.0,-37.8087653,144.9961892,0,8.963,15.373026999999999,Tuesday,0,2
ORDI05637,2018-04-05,11:02:32,Breakfast,NS,"[('Coffee', 10), ('Eggs', 7), ('Pancake', 10), ('Cereal', 6)]",597.5,-37.798447700000004,144.9590122,0,7.432,12.6918782,Thursday,0,0
ORDC09963,2018-12-10,19:19:26,Dinner,NS,"[('Shrimp', 3), ('Pasta', 7), ('Fish&Chips', 6)]",564.5,-37.820442299999996,144.96407380000002,0,8.863,14.88129313668273,Monday,0,2
ORDZ09136,2018-02-07,09:10:59,Breakfast,NS,"[('Eggs', 10), ('Pancake', 10)]",462.5,-37.813447100000005,144.9501208,0,8.707,13.657506716795423,Wednesday,0,0
ORDA06976,2018-11-08,18:18:35,Dinner,BK,"[('Fish&Chips', 5), ('Shrimp', 8)]",607.0,-37.816622100000004,144.9879502,0,5.794,12.5012685,Thursday,0,2
ORDC04475,2018-12-25,19:49:51,Dinner,NS,"[('Fish&Chips', 8), ('Salmon', 1)]",321.0,-37.825129700000005,144.9567189,0,9.742,16.172628500000002,Tuesday,0,2
ORDK04419,2018-01-27,08:50:42,Breakfast,BK,"[('Pancake', 2), ('Cereal', 10), ('Coffee', 7)]",311.0,-37.8110569,144.9503794,0,8.738999999999999,15.9689337,Saturday,1,0
ORDX10915,2018-09-23,16:47:19,Dinner,BK,"[('Pasta', 8), ('Salmon', 10)]",630.0,-37.8150351,144.961763,0,7.936,16.987271,Sunday,1,2
ORDK10917,2018-02-10,09:10:59,Breakfast,BK,"[('Pancake', 6), ('Cereal', 10), ('Eggs', 1), ('Coffee', 10)]",452.5,-37.8087997,144.96609980000002,0,7.17,14.465064100000001,Saturday,1,0
ORDA01090,2018-11-10,18:18:35,Dinner,BK,"[('Shrimp', 1), ('Fish&Chips', 1), ('Pasta', 9), ('Salmon', 1)]",377.5,-37.820002200000005,144.9844458,0,6.384,15.6648976,Saturday,1,2
ORDA02288,2018-09-01,15:56:37,Lunch,BK,"[('Salad', 2), ('Fries', 4)]",82.4,-37.8168042,144.95430019999998,0,8.562000000000001,16.6182131,Saturday,1,1
ORDZ05090,2018-03-02,09:51:32,Breakfast,NS,"[('Eggs', 8), ('Cereal', 9)]",365.0,-37.818487700000006,144.99459,0,9.686,14.356527900000001,Friday,0,0
ORDI03025,2018-03-20,10:32:06,Breakfast,NS,"[('Eggs', 8), ('Coffee', 1), ('Pancake', 8)]",377.5,-37.8167945,145.00737969999997,0,10.609000000000002,16.024781400000002,Tuesday,0,0
ORDK01711,2018-06-02,13:04:13,Lunch,BK,"[('Salad', 6), ('Burger', 6), ('Fries', 4)]",337.2,-37.816495399999994,144.9702995,0,7.146,15.406866800000001,Saturday,1,1
ORDK00778,2018-05-09,12:13:31,Lunch,BK,"[('Chicken', 7), ('Salad', 10)]",396.0,-37.8003886,144.9640579,0,7.985,13.6314865,Wednesday,0,1
ORDC04605,2018-12-08,19:19:26,Dinner,NS,"[('Salmon', 5), ('Pasta', 3), ('Shrimp', 6)]",611.5,-37.8211244,144.94751019999998,0,9.826,17.6313056,Saturday,1,2
ORDA08467,2018-02-05,09:10:59,Breakfast,BK,"[('Cereal', 6), ('Coffee', 9), ('Eggs', 6), ('Pancake', 10)]",568.0,-37.8003175,144.9792962,0,6.857,11.64634475760494,Monday,0,0
ORDJ00769,2018-06-13,13:24:30,Lunch,TP,"[('Burger', 7), ('Salad', 1), ('Steak', 1), ('Fries', 1), ('Chicken', 3)]",387.2,-37.8114334,144.95132130000002,0,9.184,12.6750026,Wednesday,0,1
ORDX06194,2018-06-26,13:44:47,Lunch,BK,"[('Burger', 1), ('Steak', 8)]",391.0,-37.8251248,144.98470369999998,0,6.902,12.4318519,Tuesday,0,1
ORDI03625,2018-03-12,10:11:49,Breakfast,NS,"[('Pancake', 2), ('Coffee', 1), ('Eggs', 4)]",144.0,-37.8207774,144.981726,0,9.675,14.8329146,Monday,0,0
ORDX01833,2018-03-07,10:01:41,Breakfast,BK,"[('Eggs', 7), ('Cereal', 6), ('Pancake', 2), ('Coffee', 5)]",366.0,-37.821765,144.95226709999997,0,8.853,14.278811800000001,Wednesday,0,0
ORDA05549,2018-10-26,17:48:10,Dinner,BK,"[('Shrimp', 8), ('Pasta', 7), ('Salmon', 8)]",952.5,-37.8038035,144.9781357,0,6.94,13.600406,Friday,0,2
ORDX06080,2018-02-07,09:10:59,Breakfast,BK,"[('Eggs', 6), ('Pancake', 3)]",204.75,-37.8121119,144.9778596,0,6.4239999999999995,11.211006699999999,Wednesday,0,0
ORDB05287,2018-06-30,13:54:55,Lunch,TP,"[('Chicken', 9), ('Salad', 3), ('Steak', 10)]",789.6,-37.811846700000004,144.9558164,0,8.71,13.192224,Saturday,1,1
ORDY00387,2018-08-12,15:26:11,Lunch,TP,"[('Salad', 9), ('Burger', 2), ('Fries', 9), ('Chicken', 8)]",580.8,-37.813309100000005,144.96485900000002,0,8.217,12.9324668,Sunday,1,1
ORDA10348,2018-09-03,16:06:45,Dinner,BK,"[('Salmon', 7), ('Pasta', 2), ('Shrimp', 7), ('Fish&Chips', 9)]",1035.0,-37.814423600000005,144.946891,0,8.982999999999999,15.7002833,Monday,0,2
ORDJ07091,2018-04-01,10:52:23,Breakfast,TP,"[('Pancake', 7), ('Coffee', 3)]",192.25,-37.818591600000005,144.9701407,0,7.841,12.133555732824236,Sunday,1,0
ORDJ02804,2018-02-10,09:21:07,Breakfast,TP,"[('Pancake', 4), ('Cereal', 10)]",307.0,-37.8070359,144.9660046,0,9.08,13.3085698,Saturday,1,0
ORDY09908,2018-03-18,10:32:06,Breakfast,TP,"[('Pancake', 8), ('Coffee', 2)]",209.0,-37.8095396,144.9720503,0,9.071,13.648223699999999,Sunday,1,0
ORDI04686,2018-03-27,10:42:15,Breakfast,NS,"[('Cereal', 8), ('Eggs', 10)]",388.0,-37.8210032,144.95522140000003,0,9.405,14.860507,Tuesday,0,0
ORDX07939,2018-12-21,19:39:43,Dinner,BK,"[('Shrimp', 2), ('Salmon', 6), ('Fish&Chips', 5), ('Pasta', 3)]",611.5,-37.805695799999995,144.96147119999998,0,7.665,14.543275859623032,Friday,0,2
ORDA01920,2018-04-25,11:43:05,Breakfast,BK,"[('Pancake', 10), ('Eggs', 5), ('Coffee', 5)]",390.0,-37.806436700000006,144.9520099,0,8.501,13.6788457,Wednesday,0,0
ORDX04707,2018-12-10,19:19:26,Dinner,BK,"[('Fish&Chips', 7), ('Pasta', 2), ('Shrimp', 6)]",624.0,-37.8018159,144.9763155,0,6.985,13.4855775,Monday,0,2
ORDY02881,2018-02-15,09:21:07,Breakfast,TP,"[('Eggs', 3), ('Coffee', 3), ('Pancake', 7), ('Cereal', 7)]",405.25,-37.8023666,144.935997,0,11.097000000000001,13.4438552,Thursday,0,0
ORDA05959,2018-02-12,09:21:07,Breakfast,BK,"[('Pancake', 8), ('Coffee', 4), ('Eggs', 1)]",246.0,-37.8119836,144.97068000000002,0,7.0120000000000005,11.907125099999998,Monday,0,0
ORDA10719,2018-05-09,12:13:31,Lunch,BK,"[('Chicken', 6), ('Burger', 6), ('Salad', 2), ('Steak', 2), ('Fries', 5)]",562.4,-37.800385299999995,144.9894761,0,6.021,11.578463900000001,Wednesday,0,1
ORDC06533,2018-02-10,09:10:59,Breakfast,NS,"[('Cereal', 7), ('Coffee', 10), ('Pancake', 5), ('Eggs', 4)]",431.25,-37.8244191,144.9733024,0,9.339,16.595315,Saturday,1,0
ORDB01388,2018-12-29,20:00:00,Dinner,TP,"[('Pasta', 2), ('Fish&Chips', 7)]",300.0,-37.8158541,144.93729580000002,0,10.437000000000001,16.018943300000004,Saturday,1,2
ORDB03109,2018-12-14,19:29:34,Dinner,TP,"[('Pasta', 4), ('Fish&Chips', 7), ('Salmon', 1)]",396.0,-37.814546500000006,145.0142926,0,12.297,15.553926,Friday,0,2
ORDI00722,2018-09-08,16:16:54,Dinner,NS,"[('Fish&Chips', 5), ('Shrimp', 4)]",391.0,-37.8147729,144.9401185,0,9.714,17.256554100000002,Saturday,1,2
ORDA10693,2018-03-09,10:11:49,Breakfast,BK,"[('Coffee', 9), ('Pancake', 4), ('Cereal', 2), ('Eggs', 4)]",294.5,-37.819837,144.9649302,0,7.858,13.161459299999999,Friday,0,0
ORDZ10870,2018-03-02,09:51:32,Breakfast,NS,"[('Cereal', 2), ('Pancake', 4), ('Eggs', 4), ('Coffee', 2)]",242.0,-37.8181569,144.9669197,0,8.432,13.3759202,Friday,0,0
ORDZ10312,2018-08-05,15:05:54,Lunch,NS,"[('Steak', 1), ('Burger', 3), ('Salad', 5), ('Chicken', 1), ('Fries', 8)]",352.0,-37.8029094,144.9482045,0,8.38,15.9157215,Sunday,1,1
ORDY03895,2018-11-13,18:28:43,Dinner,TP,"[('Fish&Chips', 4), ('Shrimp', 9), ('Salmon', 10)]",1036.0,-37.805029100000006,144.9779475,0,10.357000000000001,14.2643454,Tuesday,0,2
ORDC02532,2018-02-19,09:31:16,Breakfast,NS,"[('Cereal', 5), ('Coffee', 5), ('Pancake', 9)]",360.75,-37.8084171,144.96279219999997,0,7.562,12.2048246,Monday,0,0
ORDI05371,2018-11-12,18:28:43,Dinner,NS,"[('Salmon', 3), ('Pasta', 4), ('Shrimp', 9)]",719.0,-37.8151942,144.9397467,0,9.808,16.3087205,Monday,0,2
ORDB00300,2018-08-17,15:36:20,Lunch,TP,"[('Fries', 6), ('Burger', 4), ('Steak', 10), ('Chicken', 1)]",678.0,-37.8187086,144.9552773,0,8.304,12.0095742,Friday,0,1
ORDJ08041,2018-12-14,19:29:34,Dinner,TP,"[('Shrimp', 6), ('Fish&Chips', 9), ('Pasta', 5), ('Salmon', 4)]",940.5,-37.7999733,144.96254009999998,0,9.765,14.0785764,Friday,0,2
ORDJ04206,2018-12-10,19:19:26,Dinner,TP,"[('Pasta', 7), ('Fish&Chips', 5), ('Shrimp', 3)]",529.5,-37.8131672,144.97286469999997,0,8.768,13.090174900000001,Monday,0,2
ORDZ03119,2018-10-31,17:58:18,Dinner,NS,"[('Shrimp', 4), ('Fish&Chips', 5), ('Salmon', 10)]",801.0,-37.8199777,144.99256880000002,0,9.696,15.8780704,Wednesday,0,2
ORDB09763,2018-01-09,08:10:08,Breakfast,TP,"[('Eggs', 3), ('Pancake', 3)]",138.75,-37.8096282,144.97148719999998,1,9.049,11.8846988,Tuesday,0,0
ORDB08322,2018-06-29,13:54:55,Lunch,TP,"[('Burger', 1), ('Fries', 3), ('Steak', 5), ('Chicken', 3)]",388.0,-37.823881799999995,145.0129586,0,11.735,14.588847400000002,Friday,0,1
ORDY07251,2018-04-24,11:43:05,Breakfast,TP,"[('Cereal', 7), ('Pancake', 9)]",365.25,-37.8187446,144.9532257,0,8.532,11.2928234,Tuesday,0,0
ORDY09454,2018-07-07,14:15:12,Lunch,TP,"[('Steak', 10), ('Chicken', 3), ('Burger', 2)]",608.0,-37.813855100000005,144.94235319999999,0,9.927,13.956646300000001,Saturday,1,1
ORDY09791,2018-04-18,11:32:57,Breakfast,TP,"[('Eggs', 3), ('Pancake', 7), ('Coffee', 1)]",243.25,-37.813178,144.97386880000002,0,8.634,11.376444699999999,Wednesday,0,0
ORDB04742,2018-09-01,15:56:37,Lunch,TP,"[('Fries', 10), ('Chicken', 4), ('Burger', 10)]",558.0,-37.8170244,144.9530683,0,8.632,14.168168099999999,Saturday,1,1
ORDZ02780,2018-02-15,09:31:16,Breakfast,NS,"[('Coffee', 8), ('Pancake', 6)]",205.5,-37.8113359,145.0084965,0,10.19,15.444113,Thursday,0,0
ORDB06724,2018-05-28,12:54:05,Lunch,TP,"[('Steak', 10), ('Fries', 7), ('Salad', 1)]",551.2,-37.799155299999995,144.9806399,0,10.492,13.9724723,Monday,0,1
ORDK04339,2018-05-08,12:13:31,Lunch,BK,"[('Steak', 1), ('Chicken', 7)]",269.0,-37.801201899999995,144.96992930000002,0,7.483,13.4718571,Tuesday,0,1
ORDB10218,2018-07-27,14:45:38,Lunch,TP,"[('Burger', 9), ('Chicken', 6)]",471.0,-37.8260818,144.9806708,0,9.118,12.3543185,Friday,0,1
ORDB04740,2018-03-19,10:32:06,Breakfast,TP,"[('Cereal', 4), ('Pancake', 3), ('Eggs', 7)]",310.75,-37.8152183,144.95189969999998,0,8.882,11.47278,Monday,0,0
ORDJ04926,2018-12-08,19:19:26,Dinner,TP,"[('Pasta', 4), ('Salmon', 3), ('Fish&Chips', 4)]",373.0,-37.8168468,144.9579291,0,8.129,13.760110300000001,Saturday,1,2
ORDA05966,2018-07-08,14:15:12,Lunch,BK,"[('Burger', 1), ('Salad', 4), ('Fries', 3)]",135.8,-37.799546299999996,144.96284450000002,0,8.158,16.598740900000003,Sunday,1,1
ORDY04723,2018-02-04,09:00:50,Breakfast,TP,"[('Cereal', 8), ('Coffee', 3), ('Pancake', 9)]",408.75,-37.8262024,144.9492544,0,8.72,12.9743679,Sunday,1,0
ORDB02361,2018-08-07,15:16:03,Lunch,TP,"[('Fries', 6), ('Chicken', 8), ('Salad', 8), ('Burger', 5)]",620.6,-37.8092574,144.9721461,0,9.113999999999999,12.709642,Tuesday,0,1
ORDY05601,2018-12-12,19:29:34,Dinner,TP,"[('Shrimp', 6), ('Fish&Chips', 1), ('Pasta', 4)]",469.0,-37.8135271,144.965125,0,8.203,12.8922546,Wednesday,0,2
ORDA03766,2018-02-21,09:41:24,Breakfast,BK,"[('Pancake', 6), ('Eggs', 1), ('Cereal', 9), ('Coffee', 8)]",416.5,-37.81370510000001,144.99889230000002,0,4.513999999999999,8.9114953,Wednesday,0,0
ORDZ09466,2018-10-31,17:58:18,Dinner,NS,"[('Salmon', 3), ('Pasta', 9), ('Fish&Chips', 4), ('Shrimp', 5)]",780.5,-37.814529,144.94575940000001,0,9.132,14.828897099999999,Wednesday,0,2
ORDJ06547,2018-06-22,13:44:47,Lunch,TP,"[('Burger', 6), ('Chicken', 3)]",282.0,-37.80380170000001,144.9626862,0,9.471,12.7366703,Friday,0,1
ORDX00578,2018-06-30,13:54:55,Lunch,BK,"[('Burger', 6), ('Salad', 1), ('Chicken', 3)]",299.2,-37.819094899999996,144.986234,0,6.166,14.591903599999998,Saturday,1,1
ORDJ03406,2018-08-01,14:55:46,Lunch,TP,"[('Chicken', 2), ('Fries', 10), ('Steak', 8), ('Salad', 8)]",681.6,-37.8034165,144.94993169999998,0,9.937000000000001,12.7910324,Wednesday,0,1
ORDK00702,2018-11-02,18:08:27,Dinner,BK,"[('Shrimp', 6), ('Pasta', 1), ('Salmon', 8), ('Fish&Chips', 4)]",819.5,-37.8069073,144.94924450000002,0,8.841000000000001,15.804989523023362,Friday,0,2
ORDX01753,2018-10-05,17:07:36,Dinner,BK,"[('Shrimp', 4), ('Salmon', 3), ('Pasta', 5), ('Fish&Chips', 8)]",756.5,-37.8123367,144.9545306,0,8.266,15.2301533,Friday,0,2
ORDA08172,2018-06-09,13:14:21,Lunch,BK,"[('Chicken', 5), ('Salad', 5), ('Burger', 9)]",525.0,-37.820086700000004,144.9584,0,8.27,16.4898999,Saturday,1,1
ORDB06264,2018-04-29,11:53:14,Breakfast,TP,"[('Cereal', 3), ('Coffee', 7)]",115.5,-37.7997833,144.95786280000002,0,9.741,13.9254896,Sunday,1,0
ORDZ09628,2018-01-21,08:40:33,Breakfast,NS,"[('Coffee', 10), ('Cereal', 9)]",264.0,-37.801954200000004,144.97430119999999,0,6.545,13.381814913309857,Sunday,1,0
ORDX08669,2018-10-12,17:27:53,Dinner,BK,"[('Salmon', 2), ('Shrimp', 2), ('Pasta', 5), ('Fish&Chips', 5)]",502.5,-37.820125899999994,144.9803681,0,7.153,14.142676699999999,Friday,0,2
ORDJ01913,2018-01-18,08:30:25,Breakfast,TP,"[('Cereal', 9), ('Eggs', 2), ('Coffee', 8)]",293.0,-37.812071,145.0156606,1,13.083,14.7744856,Thursday,0,0
ORDA06583,2018-02-03,09:00:50,Breakfast,BK,"[('Eggs', 10), ('Cereal', 5), ('Pancake', 7), ('Coffee', 2)]",509.75,-37.8091505,144.95610190000002,0,8.129,15.575132784174292,Saturday,1,0
ORDY08809,2018-09-27,16:57:27,Dinner,TP,"[('Shrimp', 6), ('Pasta', 10), ('Salmon', 2)]",681.0,-37.8077584,144.9436271,0,10.037,14.0603891,Thursday,0,2
ORDA02717,2018-03-11,10:11:49,Breakfast,BK,"[('Pancake', 3), ('Cereal', 10), ('Coffee', 2)]",297.75,-37.8058535,144.963145,0,7.524,14.9319919,Sunday,1,0
ORDY05497,2018-02-19,09:31:16,Breakfast,TP,"[('Pancake', 9), ('Eggs', 2), ('Coffee', 2)]",277.25,-37.8063406,144.9453799,0,9.987,12.741303199999999,Monday,0,0
ORDA09032,2018-04-18,11:32:57,Breakfast,BK,"[('Pancake', 4), ('Cereal', 1)]",118.0,-37.8176226,144.96837050000002,0,7.781000000000001,13.450217499999999,Wednesday,0,0
ORDY02267,2018-03-04,10:01:41,Breakfast,TP,"[('Cereal', 3), ('Coffee', 9), ('Pancake', 6)]",276.0,-37.823648299999995,144.940564,0,9.493,13.749132300000001,Sunday,1,0
ORDI10096,2018-12-27,20:00:00,Dinner,NS,"[('Shrimp', 10), ('Fish&Chips', 1)]",575.0,-37.8209532,144.9541158,0,9.597000000000001,15.5285866,Thursday,0,2
ORDZ04018,2018-11-08,18:18:35,Dinner,NS,"[('Salmon', 5), ('Fish&Chips', 5), ('Pasta', 5)]",517.5,-37.8157652,144.96521909999998,0,8.191,14.165478033356608,Thursday,0,2
ORDX06008,2018-12-28,20:00:00,Dinner,BK,"[('Salmon', 5), ('Fish&Chips', 3), ('Pasta', 5)]",447.5,-37.8120976,144.9706706,0,7.026,13.857701853744791,Friday,0,2
ORDZ10621,2018-10-29,17:58:18,Dinner,NS,"[('Pasta', 10), ('Salmon', 2), ('Shrimp', 7), ('Fish&Chips', 1)]",770.0,-37.8196115,144.9688632,0,9.316,15.307941,Monday,0,2
ORDX03840,2018-04-06,11:02:32,Breakfast,BK,"[('Coffee', 3), ('Eggs', 9), ('Pancake', 6), ('Cereal', 5)]",471.0,-37.803818799999995,144.9643945,0,7.575,12.504474,Friday,0,0
ORDC09572,2018-06-07,13:14:21,Lunch,NS,"[('Fries', 2), ('Burger', 1), ('Salad', 1)]",72.2,-37.8254058,144.95147980000002,0,10.148,15.721268953277027,Thursday,0,1
ORDJ07991,2018-12-02,19:09:17,Dinner,TP,"[('Shrimp', 8), ('Salmon', 5), ('Fish&Chips', 3)]",742.0,-37.8179067,145.01449519999997,0,12.222000000000001,16.9380487,Sunday,1,2
ORDA06148,2018-02-13,09:21:07,Breakfast,BK,"[('Pancake', 8), ('Eggs', 5), ('Coffee', 8), ('Cereal', 2)]",406.0,-37.8251726,144.9924128,0,6.822,11.288233,Tuesday,0,0
ORDY06112,2018-09-28,16:57:27,Dinner,TP,"[('Salmon', 10), ('Shrimp', 5), ('Pasta', 4), ('Fish&Chips', 2)]",860.0,-37.798676,144.94880859999998,0,10.473,14.4155687,Friday,0,2
ORDA03434,2018-09-25,16:47:19,Dinner,BK,"[('Salmon', 7), ('Fish&Chips', 4), ('Shrimp', 9)]",913.0,-37.833051399999995,144.9908231,0,7.97,15.3035019,Tuesday,0,2
ORDY03060,2018-07-11,14:15:12,Lunch,TP,"[('Fries', 7), ('Steak', 10), ('Salad', 4)]",602.8,-37.799950200000005,144.97711,0,10.164,13.301665099999997,Wednesday,0,1
ORDX02566,2018-02-14,09:21:07,Breakfast,BK,"[('Eggs', 3), ('Cereal', 7)]",213.0,-37.810913299999996,145.00983280000003,0,3.322,7.9565385,Wednesday,0,0
ORDJ10411,2018-07-14,14:25:21,Lunch,TP,"[('Fries', 1), ('Chicken', 8)]",268.0,-37.8162179,145.0073956,0,11.49,16.00909965575044,Saturday,1,1
ORDZ08212,2018-02-06,09:10:59,Breakfast,NS,"[('Eggs', 7), ('Pancake', 8), ('Cereal', 9), ('Coffee', 1)]",544.5,-37.8045641,144.9773979,0,6.989,12.0143179,Tuesday,0,0
ORDY03604,2018-01-17,08:30:25,Breakfast,TP,"[('Eggs', 10), ('Coffee', 7)]",272.5,-37.805356200000006,144.9703744,1,9.5,11.836970800000001,Wednesday,0,0
ORDJ06853,2018-11-13,18:28:43,Dinner,TP,"[('Fish&Chips', 7), ('Salmon', 2), ('Pasta', 1), ('Shrimp', 4)]",570.5,-37.801199,144.9622622,0,9.61,13.499464000000001,Tuesday,0,2
ORDB03500,2018-10-27,17:58:18,Dinner,TP,"[('Shrimp', 7), ('Fish&Chips', 4), ('Salmon', 10)]",928.0,-37.8204865,144.9659114,0,7.428999999999999,13.5125834,Saturday,1,2
ORDJ08102,2018-12-21,19:49:51,Dinner,TP,"[('Shrimp', 5), ('Pasta', 3), ('Salmon', 4)]",516.5,-37.8148868,144.9647378,0,7.978,12.103955000000001,Friday,0,2
ORDB04793,2018-05-23,12:43:56,Lunch,TP,"[('Fries', 3), ('Burger', 3), ('Steak', 6), ('Chicken', 3), ('Salad', 4)]",563.8,-37.8152355,144.98811569999998,0,9.72,12.7389814,Wednesday,0,1
ORDA08809,2018-03-15,10:21:58,Breakfast,BK,"[('Pancake', 6), ('Cereal', 4), ('Eggs', 9), ('Coffee', 2)]",442.5,-37.799371799999996,145.0050504,0,4.953,9.7011331,Thursday,0,0
ORDA03638,2018-06-21,13:34:38,Lunch,BK,"[('Fries', 7), ('Steak', 3)]",219.0,-37.8164251,144.94587109999998,0,9.264,14.960244400000002,Thursday,0,1
ORDI10694,2018-09-18,16:37:10,Dinner,NS,"[('Shrimp', 1), ('Fish&Chips', 10)]",404.0,-37.8059423,144.9559555,0,7.96,13.5575021,Tuesday,0,2
ORDA01040,2018-03-11,10:11:49,Breakfast,BK,"[('Eggs', 8), ('Pancake', 10)]",418.5,-37.8036436,144.9633913,0,7.6739999999999995,15.2710865,Sunday,1,0
ORDC01399,2018-01-30,08:50:42,Breakfast,NS,"[('Cereal', 6), ('Pancake', 4)]",223.0,-37.7988111,144.9891795,0,8.054,12.8299851,Tuesday,0,0
ORDI06607,2018-05-06,12:03:22,Lunch,NS,"[('Steak', 10), ('Chicken', 8), ('Burger', 6), ('Fries', 7), ('Salad', 2)]",1010.4,-37.8049604,144.9315487,0,10.856,18.8075431,Sunday,1,1
ORDB07527,2018-08-22,15:46:28,Lunch,TP,"[('Fries', 2), ('Steak', 3)]",159.0,-37.8115345,144.94900859999998,0,9.402000000000001,13.0277119,Wednesday,0,1
ORDC04221,2018-06-28,13:54:55,Lunch,NS,"[('Burger', 8), ('Fries', 2), ('Chicken', 4), ('Steak', 3), ('Salad', 2)]",569.4,-37.811608500000006,144.94820159999998,0,8.873,14.363137618841305,Thursday,0,1
ORDC10885,2018-09-19,16:37:10,Dinner,NS,"[('Shrimp', 2), ('Fish&Chips', 1), ('Pasta', 3)]",225.5,-37.8178755,144.9563202,0,8.914,14.6971807,Wednesday,0,2
ORDK03355,2018-05-30,12:54:05,Lunch,BK,"[('Chicken', 6), ('Fries', 9)]",300.0,-37.82187879999999,144.9553,0,8.689,14.4801339,Wednesday,0,1
ORDA06264,2018-01-28,08:50:42,Breakfast,BK,"[('Cereal', 6), ('Coffee', 6), ('Eggs', 1), ('Pancake', 2)]",241.5,-37.8238298,144.94348169999998,0,9.925,17.6602856,Sunday,1,0
ORDK06871,2018-05-31,12:54:05,Lunch,BK,"[('Fries', 3), ('Steak', 7), ('Salad', 1), ('Chicken', 6), ('Burger', 6)]",746.2,-37.801930299999995,144.9572928,0,8.182,14.0092438,Thursday,0,1
ORDB02656,2018-10-23,17:48:10,Dinner,TP,"[('Fish&Chips', 3), ('Salmon', 5), ('Pasta', 5)]",447.5,-37.8196563,144.9716825,0,7.894,12.26484701809356,Tuesday,0,2
ORDA00970,2018-08-17,15:36:20,Lunch,BK,"[('Steak', 3), ('Burger', 10)]",445.0,-37.8172114,144.95245680000002,0,8.752,15.1159128,Friday,0,1
ORDK05080,2018-10-15,17:27:53,Dinner,BK,"[('Pasta', 5), ('Fish&Chips', 4), ('Salmon', 6), ('Shrimp', 7)]",901.5,-37.825354499999996,144.99510580000003,0,5.9270000000000005,12.848877499999999,Monday,0,2
ORDA06275,2018-11-23,18:49:00,Dinner,BK,"[('Salmon', 5), ('Shrimp', 8), ('Pasta', 1)]",664.5,-37.8260228,145.0010929,0,5.47,12.282863699999998,Friday,0,2
ORDB07747,2018-05-28,12:54:05,Lunch,TP,"[('Salad', 2), ('Burger', 10)]",344.4,-37.8093498,144.95449109999998,0,9.037,12.419766148074554,Monday,0,1
ORDZ10482,2018-09-25,16:47:19,Dinner,NS,"[('Salmon', 7), ('Shrimp', 10)]",827.0,-37.79912589999999,144.9602851,0,7.195,12.8657974,Tuesday,0,2
ORDK03918,2018-02-27,09:51:32,Breakfast,BK,"[('Coffee', 4), ('Cereal', 7)]",177.0,-37.811444099999996,144.9638582,0,7.52,12.439591499999999,Tuesday,0,0
ORDZ07232,2018-05-05,12:03:22,Lunch,NS,"[('Steak', 1), ('Fries', 10)]",165.0,-37.813594200000004,144.94787340000002,0,10.113,17.350003,Saturday,1,1
ORDX10557,2018-01-01,08:00:00,Breakfast,BK,"[('Pancake', 6), ('Eggs', 3)]",211.5,-37.807300899999994,144.95781719999997,1,8.152000000000001,13.843803,Monday,0,0
ORDY04498,2018-09-18,16:37:10,Dinner,TP,"[('Pasta', 6), ('Fish&Chips', 3)]",270.0,-37.815282200000006,145.00293259999998,0,11.138,15.748451300000001,Tuesday,0,2
ORDA06172,2018-03-21,10:32:06,Breakfast,BK,"[('Eggs', 3), ('Coffee', 5)]",103.5,-37.816041299999995,144.9610111,0,8.02,13.1389482,Wednesday,0,0
ORDB00391,2018-08-19,15:36:20,Lunch,TP,"[('Salad', 3), ('Chicken', 9), ('Fries', 3), ('Burger', 5)]",530.6,-37.8211071,145.0135735,0,11.93,16.7592244,Sunday,1,1
ORDY05114,2018-11-22,18:49:00,Dinner,TP,"[('Fish&Chips', 1), ('Pasta', 9)]",282.5,-37.80095,144.9927165,0,11.198,14.817044400000002,Thursday,0,2
ORDI03746,2018-02-25,09:51:32,Breakfast,NS,"[('Pancake', 4), ('Coffee', 10), ('Cereal', 1), ('Eggs', 6)]",325.0,-37.802368200000004,144.99159269999998,0,8.312000000000001,15.3532749,Sunday,1,0
ORDX10610,2018-09-13,16:27:02,Dinner,BK,"[('Shrimp', 3), ('Fish&Chips', 7), ('Pasta', 2), ('Salmon', 7)]",749.0,-37.809020700000005,144.92892759999998,0,10.732999999999999,17.834889396453143,Thursday,0,2
ORDB05737,2018-06-24,13:44:47,Lunch,TP,"[('Chicken', 2), ('Steak', 2), ('Fries', 3), ('Burger', 2), ('Salad', 4)]",320.8,-37.825129,144.98281540000002,0,8.985,13.9378051,Sunday,1,1
ORDX03624,2018-10-17,17:38:01,Dinner,BK,"[('Shrimp', 1), ('Fish&Chips', 5)]",229.0,-37.8012765,144.9491295,0,8.934,16.0090982,Wednesday,0,2
ORDI09883,2018-02-05,09:00:50,Breakfast,NS,"[('Pancake', 4), ('Cereal', 1), ('Coffee', 7), ('Eggs', 8)]",346.5,-37.817328100000005,144.990782,0,9.367,14.33245,Monday,0,0
ORDC09391,2018-11-29,18:59:09,Dinner,NS,"[('Salmon', 10), ('Pasta', 5), ('Shrimp', 1)]",601.5,-37.8045919,144.9669554,0,6.856,12.564960699999999,Thursday,0,2
ORDJ03942,2018-06-06,13:04:13,Lunch,TP,"[('Steak', 6), ('Salad', 4), ('Burger', 4), ('Fries', 7)]",546.8,-37.8052673,144.94248340000001,0,10.274000000000001,13.420798399999999,Wednesday,0,1
ORDB03127,2018-12-21,19:39:43,Dinner,TP,"[('Shrimp', 10), ('Salmon', 8)]",868.0,-37.8159474,144.9326379,0,10.995999999999999,15.027003500000001,Friday,0,2
ORDX03746,2018-12-04,19:09:17,Dinner,BK,"[('Salmon', 6), ('Fish&Chips', 10), ('Pasta', 6)]",761.0,-37.8106776,145.00064740000002,0,4.083,11.1955425,Tuesday,0,2
ORDZ00260,2018-01-20,08:30:25,Breakfast,NS,"[('Cereal', 5), ('Pancake', 4), ('Eggs', 10), ('Coffee', 4)]",452.0,-37.8051625,144.9296304,0,10.42,17.3105895,Saturday,1,0
ORDI02229,2018-08-22,15:46:28,Lunch,NS,"[('Salad', 10), ('Chicken', 7)]",396.0,-37.8226204,144.9922764,0,9.807,15.7056297,Wednesday,0,1
ORDX08712,2018-07-04,14:05:04,Lunch,BK,"[('Salad', 9), ('Fries', 3), ('Chicken', 10)]",510.8,-37.80418710000001,145.0022771,0,5.088,11.1341377,Wednesday,0,1
ORDZ03595,2018-08-09,15:16:03,Lunch,NS,"[('Steak', 9), ('Burger', 2), ('Chicken', 1)]",499.0,-37.80792,144.97319,0,7.0920000000000005,12.6910244,Thursday,0,1
ORDA03148,2018-07-19,14:35:29,Lunch,BK,"[('Salad', 4), ('Steak', 10), ('Chicken', 3), ('Burger', 10), ('Fries', 3)]",960.8,-37.806248700000005,144.98181100000002,0,6.0329999999999995,12.2139243,Thursday,0,1
ORDC05240,2018-08-19,15:36:20,Lunch,NS,"[('Fries', 8), ('Salad', 10)]",268.0,-37.82346210000001,144.9884529,0,9.472000000000001,16.51344,Sunday,1,1
ORDC08369,2018-12-01,19:09:17,Dinner,NS,"[('Fish&Chips', 10), ('Shrimp', 1), ('Salmon', 3), ('Pasta', 6)]",692.0,-37.8002016,144.9502346,0,8.059,16.231795,Saturday,1,2
ORDY06537,2018-08-24,15:46:28,Lunch,TP,"[('Salad', 5), ('Fries', 4), ('Chicken', 4)]",262.0,-37.8020571,144.95417680000003,0,9.712,13.486913699999999,Friday,0,1
ORDB03344,2018-01-07,08:10:08,Breakfast,TP,"[('Cereal', 6), ('Eggs', 7)]",280.0,-37.8124386,144.9363711,1,10.582,14.4766438,Sunday,1,0
ORDA04258,2018-11-29,18:59:09,Dinner,BK,"[('Shrimp', 7), ('Pasta', 8), ('Fish&Chips', 5), ('Salmon', 9)]",1142.0,-37.809274200000004,144.9575938,0,7.994,14.912735699999999,Thursday,0,2
ORDA00566,2018-10-06,17:07:36,Dinner,BK,"[('Shrimp', 10), ('Pasta', 2)]",595.0,-37.81746079999999,144.9674195,0,7.455,17.2202081,Saturday,1,2
ORDX08339,2018-08-02,15:05:54,Lunch,BK,"[('Salad', 4), ('Steak', 5), ('Chicken', 5)]",453.8,-37.8000506,144.980491,0,6.764,12.9009315,Thursday,0,1
ORDY04315,2018-11-14,18:28:43,Dinner,TP,"[('Fish&Chips', 10), ('Salmon', 4), ('Pasta', 7), ('Shrimp', 7)]",1084.5,-37.8227359,144.9475476,0,8.884,13.246669800000001,Wednesday,0,2
ORDJ10167,2018-03-04,10:01:41,Breakfast,TP,"[('Cereal', 7), ('Pancake', 4)]",244.0,-37.8191759,144.9995951,0,10.617,14.0939554,Sunday,1,0
ORDX05961,2018-07-01,13:54:55,Lunch,BK,"[('Burger', 8), ('Fries', 1)]",260.0,-37.80390870000001,144.957357,0,9.906,18.8773749,Sunday,1,1
ORDJ06461,2018-07-02,14:05:04,Lunch,TP,"[('Salad', 4), ('Burger', 6), ('Fries', 9), ('Steak', 10), ('Chicken', 10)]",1132.8,-37.8105323,144.9643944,0,8.549,12.009318324656626,Monday,0,1
ORDK01793,2018-03-08,10:11:49,Breakfast,BK,"[('Pancake', 10), ('Eggs', 6)]",374.5,-37.818749,144.98382619999998,0,6.372999999999999,11.3539926,Thursday,0,0
ORDZ04607,2018-07-31,14:55:46,Lunch,NS,"[('Salad', 7), ('Chicken', 7), ('Burger', 6), ('Steak', 6)]",800.4,-37.811027200000005,144.9900001,0,8.693999999999999,13.808295800000002,Tuesday,0,1
ORDX00475,2018-08-31,15:56:37,Lunch,BK,"[('Steak', 1), ('Burger', 1), ('Salad', 6)]",179.2,-37.8085782,144.9591247,0,7.822,13.7169397,Friday,0,1
ORDX09830,2018-03-20,10:32:06,Breakfast,BK,"[('Pancake', 3), ('Cereal', 5)]",177.75,-37.8098351,144.958525,0,7.962999999999999,12.9920721,Tuesday,0,0
ORDB03151,2018-12-02,19:09:17,Dinner,TP,"[('Salmon', 8), ('Fish&Chips', 4)]",468.0,-37.8156175,144.9657244,0,7.932,13.82296844881392,Sunday,1,2
ORDZ08846,2018-07-20,14:35:29,Lunch,NS,"[('Salad', 6), ('Fries', 8), ('Burger', 3), ('Steak', 9)]",697.2,-37.8221771,144.9477447,0,9.947000000000001,15.9759439,Friday,0,1
ORDJ10547,2018-02-12,09:21:07,Breakfast,TP,"[('Coffee', 7), ('Cereal', 5)]",157.5,-37.8159533,144.9725343,0,8.22,10.7547771,Monday,0,0
ORDB08303,2018-10-30,17:58:18,Dinner,TP,"[('Shrimp', 6), ('Salmon', 7), ('Pasta', 10), ('Fish&Chips', 5)]",1061.0,-37.8198472,144.9809584,0,8.84,12.6792739,Tuesday,0,2
ORDA04185,2018-10-20,17:38:01,Dinner,BK,"[('Salmon', 8), ('Fish&Chips', 5), ('Shrimp', 2), ('Pasta', 2)]",666.0,-37.8197783,144.9581123,0,8.322000000000001,17.9048173,Saturday,1,2
ORDJ06403,2018-02-01,09:00:50,Breakfast,TP,"[('Cereal', 4), ('Pancake', 9)]",302.25,-37.8029623,144.9290447,0,11.437999999999999,13.8588456,Thursday,0,0
ORDB05398,2018-04-26,11:43:05,Breakfast,TP,"[('Eggs', 2), ('Cereal', 9)]",233.0,-37.8183782,144.96530049999998,0,7.546,10.359276329525173,Thursday,0,0
ORDK01571,2018-04-23,11:43:05,Breakfast,BK,"[('Pancake', 6), ('Cereal', 3), ('Coffee', 4)]",238.5,-37.8222588,144.946977,0,9.346,14.280022699999998,Monday,0,0
ORDX00273,2018-12-20,19:39:43,Dinner,BK,"[('Shrimp', 9), ('Pasta', 4), ('Fish&Chips', 7)]",841.0,-37.8064775,144.9614999,0,7.563,14.6870059,Thursday,0,2
ORDA08626,2018-03-17,10:21:58,Breakfast,BK,"[('Pancake', 7), ('Cereal', 6), ('Coffee', 3), ('Eggs', 5)]",428.25,-37.8214287,144.9894055,0,6.046,13.608281,Saturday,1,0
ORDA00938,2018-09-05,16:06:45,Dinner,BK,"[('Shrimp', 5), ('Fish&Chips', 9), ('Salmon', 10), ('Pasta', 5)]",1132.5,-37.815047799999995,144.9275946,0,11.835,19.127903699999997,Wednesday,0,2
ORDI02704,2018-10-19,17:38:01,Dinner,NS,"[('Salmon', 4), ('Fish&Chips', 5), ('Pasta', 1)]",366.5,-37.8183928,144.96703390000002,0,8.458,14.948306599999999,Friday,0,2
ORDI10431,2018-04-14,11:22:49,Breakfast,NS,"[('Eggs', 10), ('Cereal', 5), ('Coffee', 9), ('Pancake', 6)]",538.0,-37.8194217,144.9549165,0,9.345,16.364377843835364,Saturday,1,0
ORDC07376,2018-09-04,16:06:45,Dinner,NS,"[('Fish&Chips', 9), ('Pasta', 2), ('Shrimp', 8)]",802.0,-37.8142292,144.9389634,0,9.709,16.121992499999998,Tuesday,0,2
ORDZ08229,2018-10-16,17:27:53,Dinner,NS,"[('Pasta', 7), ('Fish&Chips', 9), ('Shrimp', 10), ('Salmon', 10)]",1457.5,-37.823783399999996,144.99767930000002,0,10.34,16.471328099999997,Tuesday,0,2
ORDB00336,2018-11-27,18:59:09,Dinner,TP,"[('Fish&Chips', 9), ('Shrimp', 2), ('Pasta', 5)]",560.5,-37.8161861,145.0129418,0,12.129000000000001,16.1442102,Tuesday,0,2
ORDK06584,2018-02-17,09:31:16,Breakfast,BK,"[('Coffee', 3), ('Pancake', 1)]",46.75,-37.809319099999996,144.96258980000002,0,7.535,14.994774599999998,Saturday,1,0
ORDX06661,2018-04-22,11:43:05,Breakfast,BK,"[('Eggs', 5), ('Coffee', 10), ('Pancake', 6), ('Cereal', 8)]",498.5,-37.8257327,144.9984437,0,5.697,13.2997093,Sunday,1,0
ORDX03283,2018-06-08,13:14:21,Lunch,BK,"[('Steak', 8), ('Fries', 4), ('Salad', 10)]",580.0,-37.8048778,144.9515427,0,8.536,14.682682000000002,Friday,0,1
ORDY02463,2018-05-10,12:13:31,Lunch,TP,"[('Fries', 10), ('Steak', 2), ('Chicken', 2)]",274.0,-37.8250262,144.9422508,0,9.383,12.5882379,Thursday,0,1
ORDZ03321,2018-05-23,12:43:56,Lunch,NS,"[('Salad', 9), ('Burger', 5), ('Chicken', 5)]",469.8,-37.818995799999996,144.9768879,0,8.458,13.6747894,Wednesday,0,1
ORDK07803,2018-01-16,08:30:25,Breakfast,BK,"[('Eggs', 4), ('Coffee', 2), ('Cereal', 7)]",250.0,-37.813801,144.92699919999998,1,11.821,16.6079616,Tuesday,0,0
ORDZ10331,2018-09-13,16:27:02,Dinner,NS,"[('Shrimp', 10), ('Salmon', 8), ('Fish&Chips', 3), ('Pasta', 3)]",1055.5,-37.802569500000004,144.95690430000002,0,7.58,13.187985999999999,Thursday,0,2
ORDY02610,2018-03-17,10:21:58,Breakfast,TP,"[('Cereal', 2), ('Eggs', 9)]",240.0,-37.820644200000004,144.9833394,0,9.212,13.112860099999999,Saturday,1,0
ORDY05538,2018-04-30,11:53:14,Breakfast,TP,"[('Coffee', 7), ('Eggs', 8), ('Pancake', 6)]",374.0,-37.806604,144.95187009999998,0,9.491,12.2947272,Monday,0,0
ORDX01492,2018-02-21,09:41:24,Breakfast,BK,"[('Cereal', 8), ('Pancake', 1), ('Eggs', 4), ('Coffee', 10)]",355.25,-37.799312799999996,144.98776740000002,0,6.24,10.4717802,Wednesday,0,0
ORDX05563,2018-04-04,11:02:32,Breakfast,BK,"[('Coffee', 7), ('Pancake', 4), ('Cereal', 2), ('Eggs', 7)]",345.5,-37.7984351,144.986345,0,6.459,10.659602099999999,Wednesday,0,0
ORDI09642,2018-05-06,12:03:22,Lunch,NS,"[('Salad', 3), ('Steak', 8), ('Fries', 7), ('Chicken', 7)]",719.6,-37.8078294,144.9340727,0,9.963,17.3765818,Sunday,1,1
ORDA02684,2018-01-09,08:10:08,Breakfast,BK,"[('Cereal', 1), ('Eggs', 1), ('Coffee', 4), ('Pancake', 8)]",267.0,-37.8131503,144.9594233,1,7.939,14.2490914,Tuesday,0,0
ORDA06822,2018-05-13,12:23:39,Lunch,BK,"[('Burger', 6), ('Salad', 3), ('Chicken', 10), ('Fries', 1), ('Steak', 2)]",659.6,-37.8041954,144.9602261,0,7.837,16.2479604,Sunday,1,1
ORDY03883,2018-10-22,17:48:10,Dinner,TP,"[('Pasta', 10), ('Fish&Chips', 10), ('Shrimp', 4)]",841.0,-37.819993700000005,144.9824617,0,9.088,12.9985121,Monday,0,2
ORDK08277,2018-01-25,08:40:33,Breakfast,BK,"[('Coffee', 5), ('Cereal', 2), ('Pancake', 10)]",322.0,-37.808235100000005,144.9603205,0,7.707999999999999,12.1601475,Thursday,0,0
ORDI04836,2018-10-25,17:48:10,Dinner,NS,"[('Pasta', 2), ('Salmon', 7), ('Shrimp', 4)]",558.0,-37.8201236,144.9659657,0,8.84,14.982602900000002,Thursday,0,2
ORDJ02110,2018-11-19,18:38:52,Dinner,TP,"[('Fish&Chips', 4), ('Pasta', 6), ('Salmon', 1)]",346.0,-37.818727700000004,145.0056801,0,11.137,15.049211699999999,Monday,0,2
ORDX02268,2018-06-14,13:24:30,Lunch,BK,"[('Burger', 8), ('Fries', 6), ('Chicken', 3)]",416.0,-37.799163899999996,144.96774380000002,0,7.85,13.5290842,Thursday,0,1
ORDA03846,2018-05-04,12:03:22,Lunch,BK,"[('Fries', 7), ('Steak', 4), ('Chicken', 1), ('Salad', 10), ('Burger', 4)]",592.0,-37.8007693,144.9952303,0,5.561,11.378127000000001,Friday,0,1
ORDK06694,2018-02-01,09:00:50,Breakfast,BK,"[('Eggs', 1), ('Pancake', 2)]",70.5,-37.7993304,144.95971809999998,0,8.399,13.030365,Thursday,0,0
ORDY06448,2018-12-26,19:49:51,Dinner,TP,"[('Pasta', 4), ('Shrimp', 8), ('Salmon', 4), ('Fish&Chips', 4)]",846.0,-37.813348299999994,144.9719334,0,8.574,12.627015199999999,Wednesday,0,2
ORDK08815,2018-10-06,17:07:36,Dinner,BK,"[('Fish&Chips', 10), ('Pasta', 5), ('Salmon', 2)]",569.5,-37.8193592,144.9838007,0,6.419,15.659819199999998,Saturday,1,2
ORDJ05157,2018-01-11,08:20:16,Breakfast,TP,"[('Coffee', 7), ('Eggs', 6), ('Cereal', 10), ('Pancake', 3)]",467.25,-37.8071537,144.9564681,1,9.273,12.266861,Thursday,0,0
ORDJ02716,2018-07-15,14:25:21,Lunch,TP,"[('Steak', 7), ('Burger', 10)]",625.0,-37.799843200000005,144.9470114,0,10.474,14.915858300000002,Sunday,1,1
ORDZ03773,2018-04-01,10:52:23,Breakfast,NS,"[('Coffee', 3), ('Cereal', 6), ('Eggs', 5), ('Pancake', 5)]",379.75,-37.80034129999999,144.9502061,0,8.075,15.0921959,Sunday,1,0
ORDI10746,2018-03-15,10:21:58,Breakfast,NS,"[('Coffee', 5), ('Cereal', 9), ('Eggs', 10), ('Pancake', 10)]",689.0,-37.8031708,144.9484204,0,8.504,12.9722496,Thursday,0,0
ORDZ08431,2018-01-22,08:40:33,Breakfast,NS,"[('Cereal', 2), ('Pancake', 4), ('Coffee', 2)]",154.0,-37.816939899999994,144.9315539,0,11.458,16.6030655,Monday,0,0
ORDA07432,2018-06-08,13:14:21,Lunch,BK,"[('Steak', 2), ('Chicken', 10), ('Burger', 2), ('Salad', 5)]",558.0,-37.804016499999996,144.9502167,0,8.73,14.444574800000002,Friday,0,1
ORDC06175,2018-08-04,15:05:54,Lunch,NS,"[('Chicken', 6), ('Steak', 3)]",327.0,-37.80362120000001,144.9497577,0,8.349,16.264431400000003,Saturday,1,1
ORDI01540,2018-09-24,16:47:19,Dinner,NS,"[('Pasta', 8), ('Salmon', 6), ('Fish&Chips', 6), ('Shrimp', 2)]",784.0,-37.8083996,144.9940322,0,8.752,14.866171300000001,Monday,0,2
ORDA09139,2018-08-16,15:26:11,Lunch,BK,"[('Salad', 7), ('Chicken', 1)]",152.4,-37.81052879999999,144.97548659999998,0,6.504,12.182252499999999,Thursday,0,1
ORDJ10963,2018-09-20,16:37:10,Dinner,TP,"[('Shrimp', 6), ('Pasta', 4), ('Salmon', 4), ('Fish&Chips', 2)]",668.0,-37.822784000000006,144.9365094,0,9.867,13.975446400000001,Thursday,0,2
ORDC07512,2018-05-20,12:33:48,Lunch,NS,"[('Salad', 6), ('Chicken', 7)]",327.2,-37.799356700000004,144.97274819999998,0,6.345,13.674583600000002,Sunday,1,1
ORDK02788,2018-12-26,19:49:51,Dinner,BK,"[('Fish&Chips', 3), ('Shrimp', 2), ('Pasta', 7)]",405.5,-37.803484999999995,144.9654717,0,7.537000000000001,14.373601800000001,Wednesday,0,2
ORDI10736,2018-03-04,10:01:41,Breakfast,NS,"[('Eggs', 9), ('Coffee', 5)]",235.5,-37.8019515,144.9683576,0,6.388999999999999,13.2393492,Sunday,1,0
ORDJ10765,2018-10-18,17:38:01,Dinner,TP,"[('Fish&Chips', 10), ('Shrimp', 7)]",728.0,-37.8019975,144.9502965,0,10.101,13.995761199999999,Thursday,0,2
ORDZ00923,2018-12-25,19:49:51,Dinner,NS,"[('Fish&Chips', 6), ('Pasta', 9)]",457.5,-37.817803399999995,144.93174399999998,0,9.531,15.592847435822387,Tuesday,0,2
ORDB04896,2018-05-02,12:03:22,Lunch,TP,"[('Chicken', 7), ('Steak', 5), ('Burger', 9), ('Fries', 1)]",740.0,-37.8113299,144.9667576,0,8.573,11.748092800000002,Wednesday,0,1
ORDJ08602,2018-11-17,18:38:52,Dinner,TP,"[('Shrimp', 5), ('Salmon', 1)]",311.0,-37.8183275,144.9615248,0,7.808,13.8648405,Saturday,1,2
ORDA10763,2018-09-01,15:56:37,Lunch,BK,"[('Steak', 6), ('Chicken', 7)]",494.0,-37.8167184,144.95429030000003,0,8.568,16.6434883,Saturday,1,1
ORDI04723,2018-10-24,17:48:10,Dinner,NS,"[('Salmon', 6), ('Fish&Chips', 4), ('Shrimp', 6)]",710.0,-37.81916939999999,144.9639118,0,8.756,15.2742146,Wednesday,0,2
ORDC04729,2018-10-14,17:27:53,Dinner,NS,"[('Pasta', 7), ('Salmon', 4), ('Fish&Chips', 3), ('Shrimp', 3)]",623.5,-37.814949299999995,144.9645132,0,8.112,16.3645946,Sunday,1,2
ORDY05680,2018-08-09,15:16:03,Lunch,TP,"[('Steak', 8), ('Burger', 3), ('Chicken', 7), ('Salad', 9)]",831.8,-37.8155547,144.9880593,0,9.691,12.868196699999999,Thursday,0,1
ORDY01670,2018-12-23,19:49:51,Dinner,TP,"[('Pasta', 1), ('Fish&Chips', 3)]",132.5,-37.8187231,145.0037836,0,10.950999999999999,16.3862104,Sunday,1,2
ORDC02160,2018-03-14,10:21:58,Breakfast,NS,"[('Coffee', 2), ('Pancake', 8), ('Cereal', 4)]",293.0,-37.8017977,144.9696773,0,6.246,11.036046941072824,Wednesday,0,0
ORDJ00981,2018-11-23,18:49:00,Dinner,TP,"[('Salmon', 4), ('Pasta', 10)]",439.0,-37.8079244,144.9425776,0,10.074,13.7502106,Friday,0,2
ORDA05984,2018-11-04,18:08:27,Dinner,BK,"[('Salmon', 2), ('Pasta', 9)]",329.5,-37.8193386,144.9610895,0,8.017999999999999,18.027074600000002,Sunday,1,2
ORDI03844,2018-12-08,19:19:26,Dinner,NS,"[('Pasta', 4), ('Shrimp', 3)]",272.0,-37.805337,144.950642,0,8.377,16.390878287326004,Saturday,1,2
ORDK03464,2018-07-01,13:54:55,Lunch,BK,"[('Salad', 7), ('Steak', 5)]",345.4,-37.8106585,144.95983700000002,0,7.763999999999999,16.486959900000002,Sunday,1,1
ORDK07875,2018-04-15,11:22:49,Breakfast,BK,"[('Eggs', 8), ('Coffee', 3)]",198.5,-37.8071068,144.9709672,0,6.768,14.1387047,Sunday,1,0
ORDA03026,2018-12-02,19:09:17,Dinner,BK,"[('Shrimp', 10), ('Fish&Chips', 3), ('Pasta', 3)]",727.5,-37.8154799,144.9642022,0,7.7620000000000005,17.1289859,Sunday,1,2
ORDI10816,2018-03-21,10:32:06,Breakfast,NS,"[('Coffee', 2), ('Pancake', 10), ('Cereal', 9), ('Eggs', 1)]",468.5,-37.8158592,144.96125940000002,0,8.381,13.5938348,Wednesday,0,0
ORDK05813,2018-06-19,13:34:38,Lunch,BK,"[('Salad', 8), ('Burger', 4), ('Chicken', 7), ('Fries', 3), ('Steak', 1)]",566.6,-37.799659000000005,144.9248126,0,11.394,16.999322600000003,Tuesday,0,1
ORDX03477,2018-03-08,10:11:49,Breakfast,BK,"[('Coffee', 5), ('Pancake', 10), ('Eggs', 5)]",390.0,-37.8187246,144.9837431,0,6.365,10.948579400000002,Thursday,0,0
ORDI01656,2018-08-21,15:36:20,Lunch,NS,"[('Steak', 4), ('Fries', 8), ('Salad', 3), ('Chicken', 4)]",455.6,-37.81420479999999,144.9690419,0,7.796,13.6722426,Tuesday,0,1
ORDZ06765,2018-07-28,14:55:46,Lunch,NS,"[('Fries', 7), ('Burger', 7), ('Steak', 10)]",751.0,-37.8050671,144.9881677,0,8.079,15.357897099999999,Saturday,1,1
ORDI09876,2018-04-22,11:32:57,Breakfast,NS,"[('Coffee', 1), ('Cereal', 2)]",49.5,-37.8203539,144.9699435,0,8.697000000000001,16.2046884,Sunday,1,0
ORDJ04763,2018-02-25,09:51:32,Breakfast,TP,"[('Pancake', 7), ('Cereal', 1), ('Eggs', 9)]",388.75,-37.8118571,144.9361346,0,10.986,14.888667100000001,Sunday,1,0
ORDI04402,2018-10-27,17:58:18,Dinner,NS,"[('Shrimp', 8), ('Fish&Chips', 10), ('Pasta', 9)]",1029.5,-37.8168529,144.9953284,0,9.743,17.6875195,Saturday,1,2
ORDJ00682,2018-09-14,16:27:02,Dinner,TP,"[('Fish&Chips', 4), ('Pasta', 10), ('Shrimp', 9)]",901.0,-37.8131896,144.9663055,0,8.495,12.770337062917688,Friday,0,2
ORDX08030,2018-12-25,19:49:51,Dinner,BK,"[('Shrimp', 3), ('Fish&Chips', 7), ('Salmon', 3), ('Pasta', 2)]",585.0,-37.8135093,144.9378039,0,9.926,16.8403393,Tuesday,0,2
ORDZ08141,2018-05-14,12:23:39,Lunch,NS,"[('Chicken', 10), ('Steak', 5)]",545.0,-37.8054845,144.9438349,0,9.048,14.4268087,Monday,0,1
ORDK04825,2018-11-19,18:38:52,Dinner,BK,"[('Salmon', 2), ('Fish&Chips', 8)]",362.0,-37.820561100000006,144.94878880000002,0,9.203,16.043984599999998,Monday,0,2
ORDX03625,2018-06-22,13:34:38,Lunch,BK,"[('Steak', 10), ('Burger', 5), ('Salad', 6), ('Fries', 9)]",816.2,-37.812286799999995,144.962027,0,7.6770000000000005,13.2573216,Friday,0,1
ORDA09868,2018-07-17,14:35:29,Lunch,BK,"[('Salad', 10), ('Steak', 3), ('Fries', 3)]",343.0,-37.8116355,144.96824099999998,0,7.162999999999999,13.552545,Tuesday,0,1
ORDX10634,2018-02-11,09:21:07,Breakfast,BK,"[('Cereal', 4), ('Pancake', 6), ('Eggs', 6), ('Coffee', 3)]",384.0,-37.8146708,144.96913080000002,0,7.281000000000001,14.461622699999998,Sunday,1,0
ORDA05592,2018-05-09,12:13:31,Lunch,BK,"[('Chicken', 7), ('Fries', 4), ('Steak', 2)]",362.0,-37.8168656,144.98795800000002,0,5.824,11.553073459714092,Wednesday,0,1
ORDZ07357,2018-01-02,08:00:00,Breakfast,NS,"[('Coffee', 3), ('Eggs', 7)]",176.5,-37.8127164,144.9429385,1,9.316,13.0938064,Tuesday,0,0
ORDZ05185,2018-02-28,09:51:32,Breakfast,NS,"[('Eggs', 5), ('Pancake', 8)]",304.0,-37.823853899999996,144.9982226,0,10.389000000000001,15.44917487720396,Wednesday,0,0
ORDB02355,2018-01-07,08:10:08,Breakfast,TP,"[('Cereal', 6), ('Pancake', 7), ('Coffee', 7)]",348.25,-37.8133329,144.93752769999998,1,10.569,15.1293106,Sunday,1,0
ORDI01329,2018-10-02,17:07:36,Dinner,NS,"[('Fish&Chips', 2), ('Shrimp', 5), ('Pasta', 9), ('Salmon', 4)]",751.5,-37.8189,144.95384230000002,0,9.182,15.3771601,Tuesday,0,2
ORDC09496,2018-03-25,10:42:15,Breakfast,NS,"[('Cereal', 5), ('Pancake', 4), ('Coffee', 5), ('Eggs', 6)]",371.5,-37.8199438,145.0144346,0,11.424000000000001,18.4396866,Sunday,1,0
ORDI08244,2018-01-12,08:20:16,Breakfast,NS,"[('Cereal', 10), ('Pancake', 1)]",234.25,-37.8165934,144.983953,1,8.734,14.504565,Friday,0,0
ORDJ09120,2018-04-17,11:32:57,Breakfast,TP,"[('Coffee', 8), ('Eggs', 9)]",258.0,-37.8044144,144.9421387,0,10.297,12.8590683,Tuesday,0,0
ORDK06301,2018-12-10,19:19:26,Dinner,BK,"[('Shrimp', 1), ('Salmon', 2)]",136.0,-37.8095512,144.9725868,0,6.719,13.571873000000002,Monday,0,2
ORDY11107,2018-08-22,15:46:28,Lunch,TP,"[('Salad', 8), ('Steak', 10), ('Fries', 2), ('Chicken', 2)]",675.6,-37.807571100000004,145.0119322,0,12.462,14.9265139,Wednesday,0,1
ORDK08081,2018-04-07,11:02:32,Breakfast,BK,"[('Eggs', 7), ('Coffee', 7), ('Cereal', 10), ('Pancake', 4)]",513.5,-37.8112736,144.97296210000002,0,6.792999999999999,13.8053114,Saturday,1,0
ORDY05307,2018-12-18,19:39:43,Dinner,TP,"[('Salmon', 2), ('Shrimp', 8), ('Fish&Chips', 4)]",654.0,-37.8097732,144.9474216,0,9.663,13.687261800000002,Tuesday,0,2
ORDJ08172,2018-01-13,08:20:16,Breakfast,TP,"[('Pancake', 2), ('Cereal', 3), ('Coffee', 1), ('Eggs', 9)]",317.0,-37.8067539,144.9582041,1,9.122,12.547064599999999,Saturday,1,0
ORDK07461,2018-09-28,16:57:27,Dinner,BK,"[('Pasta', 8), ('Fish&Chips', 7)]",465.0,-37.8004292,144.95093880000002,0,8.816,16.0891638,Friday,0,2
ORDX07909,2018-03-05,10:01:41,Breakfast,BK,"[('Eggs', 1), ('Pancake', 2)]",70.5,-37.809839200000006,144.97647460000002,0,6.524,11.292358,Monday,0,0
ORDA02188,2018-09-30,16:57:27,Dinner,BK,"[('Shrimp', 7), ('Pasta', 2), ('Salmon', 1), ('Fish&Chips', 8)]",754.0,-37.8123673,144.97376619999997,0,6.801,16.3408132,Sunday,1,2
ORDI03788,2018-10-19,17:38:01,Dinner,NS,"[('Pasta', 1), ('Shrimp', 3), ('Fish&Chips', 6), ('Salmon', 2)]",481.5,-37.8013076,144.98933689999998,0,7.97,14.1076446,Friday,0,2
ORDJ00235,2018-01-27,08:50:42,Breakfast,TP,"[('Cereal', 2), ('Pancake', 9), ('Coffee', 5), ('Eggs', 9)]",495.75,-37.8226138,144.95836740000001,0,7.739,12.047765409077046,Saturday,1,0
ORDK01804,2018-07-20,14:35:29,Lunch,BK,"[('Burger', 4), ('Chicken', 8), ('Steak', 4)]",560.0,-37.8225174,144.95470369999998,0,8.78,15.126999599999998,Friday,0,1
ORDK03633,2018-05-17,12:23:39,Lunch,BK,"[('Burger', 5), ('Chicken', 2)]",219.0,-37.8115003,144.9647308,0,7.417000000000001,12.8418123,Thursday,0,1
ORDY07887,2018-04-18,11:32:57,Breakfast,TP,"[('Eggs', 6), ('Pancake', 5)]",253.25,-37.8152811,144.9748412,0,8.435,11.0344791,Wednesday,0,0
ORDJ09820,2018-11-10,18:18:35,Dinner,TP,"[('Shrimp', 9), ('Pasta', 5)]",623.5,-37.8171934,144.9567295,0,8.243,14.248953400000001,Saturday,1,2
ORDJ06785,2018-03-24,10:42:15,Breakfast,TP,"[('Cereal', 1), ('Eggs', 6), ('Coffee', 6), ('Pancake', 4)]",295.0,-37.818526500000004,144.98409980000002,0,9.109,13.516728500000001,Saturday,1,0
ORDX06325,2018-06-28,13:54:55,Lunch,BK,"[('Burger', 3), ('Salad', 3), ('Steak', 3)]",279.6,-37.8217802,144.95746719999997,0,8.476,14.2863676,Thursday,0,1
